INSERT IGNORE INTO course_categories (id, code, name, created_at, update_at)
VALUES
    (UUID_TO_BIN('00000000-0000-0000-0000-000000000101'), 'FITNESS',  '피트니스',  NOW(), NOW()),
    (UUID_TO_BIN('00000000-0000-0000-0000-000000000102'), 'YOGA',     '요가',      NOW(), NOW()),
    (UUID_TO_BIN('00000000-0000-0000-0000-000000000103'), 'PILATES',  '필라테스',  NOW(), NOW()),
    (UUID_TO_BIN('00000000-0000-0000-0000-000000000104'), 'DANCE',    '댄스',      NOW(), NOW()),
    (UUID_TO_BIN('00000000-0000-0000-0000-000000000105'), 'SWIMMING', '수영',      NOW(), NOW()),
    (UUID_TO_BIN('00000000-0000-0000-0000-000000000106'), 'RUNNING',  '러닝',      NOW(), NOW()),
    (UUID_TO_BIN('00000000-0000-0000-0000-000000000107'), 'CLIMBING', '클라이밍',  NOW(), NOW()),
    (UUID_TO_BIN('00000000-0000-0000-0000-000000000108'), 'BOXING',   '복싱',      NOW(), NOW());

-- password: testTEST123!@#
INSERT IGNORE INTO members (id, email, password, phone, role, status, name, has_onboarding, pf_image_url, withdrawal_at, created_at, update_at)
VALUES (
    UUID_TO_BIN('00000000-0000-0000-0000-000000000001'),
    'admin@admin.com',
    '{bcrypt}$2a$10$NcGsvlexxeg3U1osgBbkjeBcao6WOc4j4MYyxd20dbaTAs0QqMFim',
    '010-0000-0001',
    'ROLE_ADMIN',
    'ACTIVE',
    '관리자',
    false,
    NULL,
    NULL,
    NOW(),
    NOW()
);

INSERT IGNORE INTO members (id, email, password, phone, role, status, name, has_onboarding, pf_image_url, withdrawal_at, created_at, update_at)
VALUES (
    UUID_TO_BIN('00000000-0000-0000-0000-000000000002'),
    'user1@user.com',
    '{bcrypt}$2a$10$NcGsvlexxeg3U1osgBbkjeBcao6WOc4j4MYyxd20dbaTAs0QqMFim',
    '010-0000-0002',
    'ROLE_STUDENT',
    'ACTIVE',
    '홍길동',
    false,
    NULL,
    NULL,
    NOW(),
    NOW()
);

INSERT IGNORE INTO members (id, email, password, phone, role, status, name, has_onboarding, pf_image_url, withdrawal_at, created_at, update_at)
VALUES (
    UUID_TO_BIN('00000000-0000-0000-0000-000000000003'),
    'user2@user.com',
    '{bcrypt}$2a$10$NcGsvlexxeg3U1osgBbkjeBcao6WOc4j4MYyxd20dbaTAs0QqMFim',
    '010-0000-0003',
    'ROLE_INSTRUCTOR',
    'ACTIVE',
    '김철수',
    false,
    NULL,
    NULL,
    NOW(),
    NOW()
);

INSERT IGNORE INTO instructor_members (id, member_id, category_code, status, content, image_url, reject_reason, approved_at, responded_at, created_at, update_at)
VALUES (
    UUID_TO_BIN('00000000-0000-0000-0000-000000000011'),
    UUID_TO_BIN('00000000-0000-0000-0000-000000000003'),
    'FITNESS',
    'APPROVED',
    '10년 경력의 피트니스 강사입니다.',
    'https://example.com/instructor/profile.jpg',
    NULL,
    NOW(),
    NOW(),
    NOW(),
    NOW()
);

INSERT IGNORE INTO follows (id, member_id, member_instructor_id, created_at, update_at)
VALUES (
    UUID_TO_BIN('00000000-0000-0000-0000-000000000021'),
    UUID_TO_BIN('00000000-0000-0000-0000-000000000002'),
    UUID_TO_BIN('00000000-0000-0000-0000-000000000011'),
    NOW(),
    NOW()
);

INSERT IGNORE INTO courses (
    id, course_category_id, member_instructor_id,
    title, description, address_main, address_detail,
    capacity, confirm_count, price, level, status,
    order_open_at, order_close_at, start_at, end_at,
    confirmed_at, reject_reason, deleted, deleted_at, created_at, update_at
)
VALUES
    (
        UUID_TO_BIN('00000000-0000-0000-0000-000000000201'),
        UUID_TO_BIN('00000000-0000-0000-0000-000000000101'),
        UUID_TO_BIN('00000000-0000-0000-0000-000000000011'),
        '퇴근 후 피트니스 입문',
        '초보자를 위한 전신 근력 운동 클래스입니다.',
        '서울특별시 강남구 테헤란로',
        '피트니스 스튜디오 3층',
        20, 3, 50000, 'BEGINNER', 'OPEN',
        NOW() - INTERVAL 10 DAY,
        NOW() + INTERVAL 5 DAY,
        NOW() + INTERVAL 8 DAY,
        NOW() + INTERVAL 8 DAY + INTERVAL 2 HOUR,
        NOW(), NULL, 0, NULL,
        NOW() - INTERVAL 3 DAY,
        NOW() - INTERVAL 3 DAY
    ),
    (
        UUID_TO_BIN('00000000-0000-0000-0000-000000000202'),
        UUID_TO_BIN('00000000-0000-0000-0000-000000000102'),
        UUID_TO_BIN('00000000-0000-0000-0000-000000000011'),
        '아침 요가 루틴',
        '하루를 가볍게 시작하는 스트레칭 중심 요가 클래스입니다.',
        '서울특별시 마포구 월드컵북로',
        '요가룸 A',
        15, 5, 42000, 'STARTER', 'OPEN',
        NOW() - INTERVAL 9 DAY,
        NOW() + INTERVAL 6 DAY,
        NOW() + INTERVAL 9 DAY,
        NOW() + INTERVAL 9 DAY + INTERVAL 2 HOUR,
        NOW(), NULL, 0, NULL,
        NOW() - INTERVAL 2 DAY,
        NOW() - INTERVAL 2 DAY
    ),
    (
        UUID_TO_BIN('00000000-0000-0000-0000-000000000203'),
        UUID_TO_BIN('00000000-0000-0000-0000-000000000104'),
        UUID_TO_BIN('00000000-0000-0000-0000-000000000011'),
        'K-POP 댄스 원데이',
        '인기 안무를 배우는 원데이 댄스 클래스입니다.',
        '서울특별시 성동구 왕십리로',
        '댄스 스튜디오 B1',
        25, 8, 35000, 'BEGINNER', 'PREPARATION',
        NOW() - INTERVAL 8 DAY,
        NOW() + INTERVAL 7 DAY,
        NOW() + INTERVAL 10 DAY,
        NOW() + INTERVAL 10 DAY + INTERVAL 2 HOUR,
        NULL, NULL, 0, NULL,
        NOW() - INTERVAL 1 DAY,
        NOW() - INTERVAL 1 DAY
    );

INSERT IGNORE INTO course_images (id, course_id, image_url, created_at, update_at)
VALUES
    (
        UUID_TO_BIN('00000000-0000-0000-0000-000000000301'),
        UUID_TO_BIN('00000000-0000-0000-0000-000000000201'),
        'https://images.unsplash.com/photo-1517836357463-d25dfeac3438',
        NOW(), NOW()
    ),
    (
        UUID_TO_BIN('00000000-0000-0000-0000-000000000304'),
        UUID_TO_BIN('00000000-0000-0000-0000-000000000201'),
        'https://images.unsplash.com/photo-1571019613454-1cb2f99b2d8b',
        NOW(), NOW()
    ),
    (
        UUID_TO_BIN('00000000-0000-0000-0000-000000000302'),
        UUID_TO_BIN('00000000-0000-0000-0000-000000000202'),
        'https://images.unsplash.com/photo-1544367567-0f2fcb009e0b',
        NOW(), NOW()
    ),
    (
        UUID_TO_BIN('00000000-0000-0000-0000-000000000303'),
        UUID_TO_BIN('00000000-0000-0000-0000-000000000203'),
        'https://images.unsplash.com/photo-1504609813442-a8924e83f76e',
        NOW(), NOW()
    );

INSERT IGNORE INTO course_wishlists (id, member_id, course_id, created_at, update_at)
VALUES
    (
        UUID_TO_BIN('00000000-0000-0000-0000-000000000401'),
        UUID_TO_BIN('00000000-0000-0000-0000-000000000002'),
        UUID_TO_BIN('00000000-0000-0000-0000-000000000201'),
        NOW() - INTERVAL 3 DAY,
        NOW() - INTERVAL 3 DAY
    ),
    (
        UUID_TO_BIN('00000000-0000-0000-0000-000000000402'),
        UUID_TO_BIN('00000000-0000-0000-0000-000000000002'),
        UUID_TO_BIN('00000000-0000-0000-0000-000000000202'),
        NOW() - INTERVAL 2 DAY,
        NOW() - INTERVAL 2 DAY
    ),
    (
        UUID_TO_BIN('00000000-0000-0000-0000-000000000403'),
        UUID_TO_BIN('00000000-0000-0000-0000-000000000002'),
        UUID_TO_BIN('00000000-0000-0000-0000-000000000203'),
        NOW() - INTERVAL 1 DAY,
        NOW() - INTERVAL 1 DAY
    );

-- =====================================================
-- 후기 K6 성능 테스트용 더미 데이터 (500건)
-- course_id: 00000000-0000-0000-0000-000000000201
-- =====================================================
INSERT IGNORE INTO reviews (id, member_id, course_id, order_id, rating, content, created_at, update_at)
VALUES
    (UUID_TO_BIN('0b364b15-450c-4c4b-8229-cd9d3cf9d7b7'), UUID_TO_BIN('00000000-0000-0000-0000-000000000002'), UUID_TO_BIN('00000000-0000-0000-0000-000000000201'), UUID_TO_BIN('7a2682fa-8231-4dcb-972d-58986e40fa66'), 1, '정말 좋은 수업이었습니다. 강사님이 친절하게 설명해주셨어요.', NOW() - INTERVAL 1 DAY, NOW() - INTERVAL 1 DAY),
    (UUID_TO_BIN('e7e714f7-e8be-436c-8bff-e62f3c8a368a'), UUID_TO_BIN('00000000-0000-0000-0000-000000000002'), UUID_TO_BIN('00000000-0000-0000-0000-000000000201'), UUID_TO_BIN('8b5d7c97-995e-4372-bb9d-2e638ad072f7'), 2, '초보자도 따라하기 쉬운 수업입니다. 강추합니다!', NOW() - INTERVAL 2 DAY, NOW() - INTERVAL 2 DAY),
    (UUID_TO_BIN('1952a54b-89ab-4adc-b2fa-62792dd78127'), UUID_TO_BIN('00000000-0000-0000-0000-000000000002'), UUID_TO_BIN('00000000-0000-0000-0000-000000000201'), UUID_TO_BIN('254dcae8-0737-492e-a99b-fad78ce00f1b'), 3, '시설이 깔끔하고 수업 진행이 체계적이에요.', NOW() - INTERVAL 3 DAY, NOW() - INTERVAL 3 DAY),
    (UUID_TO_BIN('021e7853-fd06-4f1a-9200-ce1e3175ba60'), UUID_TO_BIN('00000000-0000-0000-0000-000000000002'), UUID_TO_BIN('00000000-0000-0000-0000-000000000201'), UUID_TO_BIN('ee1b4418-2c3c-42c7-bcb1-157461c7b96d'), 4, '덕분에 운동에 재미를 붙이게 됐습니다. 감사해요.', NOW() - INTERVAL 4 DAY, NOW() - INTERVAL 4 DAY),
    (UUID_TO_BIN('2cf91070-003d-4e56-8911-76e0c67500df'), UUID_TO_BIN('00000000-0000-0000-0000-000000000002'), UUID_TO_BIN('00000000-0000-0000-0000-000000000201'), UUID_TO_BIN('255a3d8c-0ad9-426f-b6bf-c1b54db89575'), 5, '다음에도 꼭 참여하고 싶은 수업이에요.', NOW() - INTERVAL 5 DAY, NOW() - INTERVAL 5 DAY),
    (UUID_TO_BIN('ceaf6926-51dd-4591-a0df-ec24c806879e'), UUID_TO_BIN('00000000-0000-0000-0000-000000000002'), UUID_TO_BIN('00000000-0000-0000-0000-000000000201'), UUID_TO_BIN('bf373cc4-1e52-4ec6-a682-1b4d06ae9c04'), 1, '기대 이상으로 만족스러웠습니다.', NOW() - INTERVAL 6 DAY, NOW() - INTERVAL 6 DAY),
    (UUID_TO_BIN('2b248845-3e9f-4550-bbce-9ac80c813f5c'), UUID_TO_BIN('00000000-0000-0000-0000-000000000002'), UUID_TO_BIN('00000000-0000-0000-0000-000000000201'), UUID_TO_BIN('a53a3691-d5a1-4575-92ae-54797339334d'), 2, '강사님의 열정이 느껴지는 수업이었어요.', NOW() - INTERVAL 7 DAY, NOW() - INTERVAL 7 DAY),
    (UUID_TO_BIN('817c3d39-30ec-4826-a4c9-7f4a30e5698c'), UUID_TO_BIN('00000000-0000-0000-0000-000000000002'), UUID_TO_BIN('00000000-0000-0000-0000-000000000201'), UUID_TO_BIN('64d943b9-547a-4822-bf98-08a52fc140e7'), 3, '처음 참여했는데 부담 없이 즐길 수 있었습니다.', NOW() - INTERVAL 8 DAY, NOW() - INTERVAL 8 DAY),
    (UUID_TO_BIN('635b3495-d3f6-42e9-b5b0-d64173dce732'), UUID_TO_BIN('00000000-0000-0000-0000-000000000002'), UUID_TO_BIN('00000000-0000-0000-0000-000000000201'), UUID_TO_BIN('11278e64-bf31-487b-ac4c-ccbf10645f07'), 4, '친구에게도 추천했어요. 정말 좋았습니다.', NOW() - INTERVAL 9 DAY, NOW() - INTERVAL 9 DAY),
    (UUID_TO_BIN('0c3fab55-c585-4fe9-8103-93ffcb0b5c6e'), UUID_TO_BIN('00000000-0000-0000-0000-000000000002'), UUID_TO_BIN('00000000-0000-0000-0000-000000000201'), UUID_TO_BIN('d64de95e-a05e-4855-b8a1-4e1bde16a974'), 5, '가격 대비 퀄리티가 훌륭합니다.', NOW() - INTERVAL 10 DAY, NOW() - INTERVAL 10 DAY),
    (UUID_TO_BIN('7243c79e-9e43-4797-851c-bc2217c299ee'), UUID_TO_BIN('00000000-0000-0000-0000-000000000002'), UUID_TO_BIN('00000000-0000-0000-0000-000000000201'), UUID_TO_BIN('1d66dab8-c392-4301-adb5-aed4b81b6e65'), 1, '정말 좋은 수업이었습니다. 강사님이 친절하게 설명해주셨어요.', NOW() - INTERVAL 11 DAY, NOW() - INTERVAL 11 DAY),
    (UUID_TO_BIN('b797f34e-7fd7-4e47-87db-c750e7218911'), UUID_TO_BIN('00000000-0000-0000-0000-000000000002'), UUID_TO_BIN('00000000-0000-0000-0000-000000000201'), UUID_TO_BIN('15dc31b9-414b-4937-9927-f3498e4e6838'), 2, '초보자도 따라하기 쉬운 수업입니다. 강추합니다!', NOW() - INTERVAL 12 DAY, NOW() - INTERVAL 12 DAY),
    (UUID_TO_BIN('368f0893-a5fa-42f2-bba1-ac1535ad06e1'), UUID_TO_BIN('00000000-0000-0000-0000-000000000002'), UUID_TO_BIN('00000000-0000-0000-0000-000000000201'), UUID_TO_BIN('e8e769c3-834f-420a-ac50-8a6c45d11b9f'), 3, '시설이 깔끔하고 수업 진행이 체계적이에요.', NOW() - INTERVAL 13 DAY, NOW() - INTERVAL 13 DAY),
    (UUID_TO_BIN('8bd550bc-fd97-4539-89d2-ba26a8e51253'), UUID_TO_BIN('00000000-0000-0000-0000-000000000002'), UUID_TO_BIN('00000000-0000-0000-0000-000000000201'), UUID_TO_BIN('67fffa4d-8bd8-4fb1-aa4a-1ca531d6b402'), 4, '덕분에 운동에 재미를 붙이게 됐습니다. 감사해요.', NOW() - INTERVAL 14 DAY, NOW() - INTERVAL 14 DAY),
    (UUID_TO_BIN('2dab49be-ff36-4dc3-91fb-09f10e841fb3'), UUID_TO_BIN('00000000-0000-0000-0000-000000000002'), UUID_TO_BIN('00000000-0000-0000-0000-000000000201'), UUID_TO_BIN('957fa51f-dd5c-420d-bfe0-746179222b94'), 5, '다음에도 꼭 참여하고 싶은 수업이에요.', NOW() - INTERVAL 15 DAY, NOW() - INTERVAL 15 DAY),
    (UUID_TO_BIN('59e20ec4-3e7b-4f11-8463-08daa6d5c84d'), UUID_TO_BIN('00000000-0000-0000-0000-000000000002'), UUID_TO_BIN('00000000-0000-0000-0000-000000000201'), UUID_TO_BIN('08f1270a-fe2d-4fff-a2a2-7e5f7f30039e'), 1, '기대 이상으로 만족스러웠습니다.', NOW() - INTERVAL 16 DAY, NOW() - INTERVAL 16 DAY),
    (UUID_TO_BIN('63b65876-b4a6-4fc6-b9d7-55c46c5ffb6d'), UUID_TO_BIN('00000000-0000-0000-0000-000000000002'), UUID_TO_BIN('00000000-0000-0000-0000-000000000201'), UUID_TO_BIN('6f315655-45e4-4235-81b2-0396855f030f'), 2, '강사님의 열정이 느껴지는 수업이었어요.', NOW() - INTERVAL 17 DAY, NOW() - INTERVAL 17 DAY),
    (UUID_TO_BIN('eacedf30-9fd2-4ee3-9331-aa9454710d8c'), UUID_TO_BIN('00000000-0000-0000-0000-000000000002'), UUID_TO_BIN('00000000-0000-0000-0000-000000000201'), UUID_TO_BIN('c1f3275d-7a9b-45e6-bf09-418bf0d5a251'), 3, '처음 참여했는데 부담 없이 즐길 수 있었습니다.', NOW() - INTERVAL 18 DAY, NOW() - INTERVAL 18 DAY),
    (UUID_TO_BIN('6422468a-8c79-4880-9b5a-52945284026f'), UUID_TO_BIN('00000000-0000-0000-0000-000000000002'), UUID_TO_BIN('00000000-0000-0000-0000-000000000201'), UUID_TO_BIN('b840aff0-2e28-4c07-a65d-3b5a963eb2fa'), 4, '친구에게도 추천했어요. 정말 좋았습니다.', NOW() - INTERVAL 19 DAY, NOW() - INTERVAL 19 DAY),
    (UUID_TO_BIN('dd32c454-8fba-4a9f-a2fd-374f3418e3f7'), UUID_TO_BIN('00000000-0000-0000-0000-000000000002'), UUID_TO_BIN('00000000-0000-0000-0000-000000000201'), UUID_TO_BIN('172467a3-1b40-4b7b-99fc-d20a93ec93d8'), 5, '가격 대비 퀄리티가 훌륭합니다.', NOW() - INTERVAL 20 DAY, NOW() - INTERVAL 20 DAY),
    (UUID_TO_BIN('e67dda01-8526-42ca-9070-c1ad8bec3a92'), UUID_TO_BIN('00000000-0000-0000-0000-000000000002'), UUID_TO_BIN('00000000-0000-0000-0000-000000000201'), UUID_TO_BIN('c7814fae-7425-4965-9b6b-783036f3be4f'), 1, '정말 좋은 수업이었습니다. 강사님이 친절하게 설명해주셨어요.', NOW() - INTERVAL 21 DAY, NOW() - INTERVAL 21 DAY),
    (UUID_TO_BIN('b481bf11-97a0-4299-b184-ba724597be83'), UUID_TO_BIN('00000000-0000-0000-0000-000000000002'), UUID_TO_BIN('00000000-0000-0000-0000-000000000201'), UUID_TO_BIN('86a8f76d-4f67-458d-a475-967e20ed56d9'), 2, '초보자도 따라하기 쉬운 수업입니다. 강추합니다!', NOW() - INTERVAL 22 DAY, NOW() - INTERVAL 22 DAY),
    (UUID_TO_BIN('9a8d63f1-1b1a-453c-95eb-0ed31944f190'), UUID_TO_BIN('00000000-0000-0000-0000-000000000002'), UUID_TO_BIN('00000000-0000-0000-0000-000000000201'), UUID_TO_BIN('47ddf941-cc4d-482a-a67c-07017709a6ce'), 3, '시설이 깔끔하고 수업 진행이 체계적이에요.', NOW() - INTERVAL 23 DAY, NOW() - INTERVAL 23 DAY),
    (UUID_TO_BIN('dfde7010-55d2-4116-b749-4dba6fd525b6'), UUID_TO_BIN('00000000-0000-0000-0000-000000000002'), UUID_TO_BIN('00000000-0000-0000-0000-000000000201'), UUID_TO_BIN('f9913221-df57-4b7f-aa54-a4becfb1bb6e'), 4, '덕분에 운동에 재미를 붙이게 됐습니다. 감사해요.', NOW() - INTERVAL 24 DAY, NOW() - INTERVAL 24 DAY),
    (UUID_TO_BIN('2214565a-e589-49be-8724-fefb2b02261d'), UUID_TO_BIN('00000000-0000-0000-0000-000000000002'), UUID_TO_BIN('00000000-0000-0000-0000-000000000201'), UUID_TO_BIN('e5de3fe9-d142-4af5-8ef6-f2fe5f6055ac'), 5, '다음에도 꼭 참여하고 싶은 수업이에요.', NOW() - INTERVAL 25 DAY, NOW() - INTERVAL 25 DAY),
    (UUID_TO_BIN('ad643ad4-ac9e-46cf-9ae5-4ee0d6cd9964'), UUID_TO_BIN('00000000-0000-0000-0000-000000000002'), UUID_TO_BIN('00000000-0000-0000-0000-000000000201'), UUID_TO_BIN('d1b3c482-357c-4654-bd24-4c3229670416'), 1, '기대 이상으로 만족스러웠습니다.', NOW() - INTERVAL 26 DAY, NOW() - INTERVAL 26 DAY),
    (UUID_TO_BIN('c7b7b1bb-3dcf-478d-a41e-4de19bb81407'), UUID_TO_BIN('00000000-0000-0000-0000-000000000002'), UUID_TO_BIN('00000000-0000-0000-0000-000000000201'), UUID_TO_BIN('fb81d092-5dfa-42db-90d0-8ffc804f048d'), 2, '강사님의 열정이 느껴지는 수업이었어요.', NOW() - INTERVAL 27 DAY, NOW() - INTERVAL 27 DAY),
    (UUID_TO_BIN('923c4f5d-2e0c-49af-a9fc-198fe325e850'), UUID_TO_BIN('00000000-0000-0000-0000-000000000002'), UUID_TO_BIN('00000000-0000-0000-0000-000000000201'), UUID_TO_BIN('d23b93de-4113-47d2-bb97-d7f3be893128'), 3, '처음 참여했는데 부담 없이 즐길 수 있었습니다.', NOW() - INTERVAL 28 DAY, NOW() - INTERVAL 28 DAY),
    (UUID_TO_BIN('b5ff27d8-0716-4425-8607-8d2f9ff6d723'), UUID_TO_BIN('00000000-0000-0000-0000-000000000002'), UUID_TO_BIN('00000000-0000-0000-0000-000000000201'), UUID_TO_BIN('5937d365-66cc-4115-b1d8-27759f51c69b'), 4, '친구에게도 추천했어요. 정말 좋았습니다.', NOW() - INTERVAL 29 DAY, NOW() - INTERVAL 29 DAY),
    (UUID_TO_BIN('c59c4c03-c6de-4114-9147-7c546ad9c4d1'), UUID_TO_BIN('00000000-0000-0000-0000-000000000002'), UUID_TO_BIN('00000000-0000-0000-0000-000000000201'), UUID_TO_BIN('3a6ca62e-db23-4d0b-ba2c-37b6c1d4e0eb'), 5, '가격 대비 퀄리티가 훌륭합니다.', NOW() - INTERVAL 30 DAY, NOW() - INTERVAL 30 DAY),
    (UUID_TO_BIN('b027633a-50f9-44bf-be2a-f8b302e65274'), UUID_TO_BIN('00000000-0000-0000-0000-000000000002'), UUID_TO_BIN('00000000-0000-0000-0000-000000000201'), UUID_TO_BIN('3a0fb46a-7677-41a6-b511-79023a81ada1'), 1, '정말 좋은 수업이었습니다. 강사님이 친절하게 설명해주셨어요.', NOW() - INTERVAL 1 DAY, NOW() - INTERVAL 1 DAY),
    (UUID_TO_BIN('7a3926a5-2cd8-40db-8aba-9d7c85ae0814'), UUID_TO_BIN('00000000-0000-0000-0000-000000000002'), UUID_TO_BIN('00000000-0000-0000-0000-000000000201'), UUID_TO_BIN('2f480e2d-c644-4aa9-a242-d8ad7cb59351'), 2, '초보자도 따라하기 쉬운 수업입니다. 강추합니다!', NOW() - INTERVAL 2 DAY, NOW() - INTERVAL 2 DAY),
    (UUID_TO_BIN('296e18d2-fac5-4a08-9af7-1a4e1684de8a'), UUID_TO_BIN('00000000-0000-0000-0000-000000000002'), UUID_TO_BIN('00000000-0000-0000-0000-000000000201'), UUID_TO_BIN('4b9910f7-e198-45ce-a369-ea46636250bb'), 3, '시설이 깔끔하고 수업 진행이 체계적이에요.', NOW() - INTERVAL 3 DAY, NOW() - INTERVAL 3 DAY),
    (UUID_TO_BIN('4546ea1c-8fcd-47a4-afa8-67c84a98804e'), UUID_TO_BIN('00000000-0000-0000-0000-000000000002'), UUID_TO_BIN('00000000-0000-0000-0000-000000000201'), UUID_TO_BIN('c9c8da06-e1b4-4674-a345-f5153743a9c9'), 4, '덕분에 운동에 재미를 붙이게 됐습니다. 감사해요.', NOW() - INTERVAL 4 DAY, NOW() - INTERVAL 4 DAY),
    (UUID_TO_BIN('a89b764a-9ac3-45a9-bb66-c8ab85494559'), UUID_TO_BIN('00000000-0000-0000-0000-000000000002'), UUID_TO_BIN('00000000-0000-0000-0000-000000000201'), UUID_TO_BIN('43d85ee9-02fc-40f7-9dd9-6a3becdc14d5'), 5, '다음에도 꼭 참여하고 싶은 수업이에요.', NOW() - INTERVAL 5 DAY, NOW() - INTERVAL 5 DAY),
    (UUID_TO_BIN('16423f71-960f-4cad-98c7-743777d29da5'), UUID_TO_BIN('00000000-0000-0000-0000-000000000002'), UUID_TO_BIN('00000000-0000-0000-0000-000000000201'), UUID_TO_BIN('edaa95a5-3c1b-4fc5-aed1-4920780a0ea4'), 1, '기대 이상으로 만족스러웠습니다.', NOW() - INTERVAL 6 DAY, NOW() - INTERVAL 6 DAY),
    (UUID_TO_BIN('395c5b92-780b-4e08-8203-5f361f073c7f'), UUID_TO_BIN('00000000-0000-0000-0000-000000000002'), UUID_TO_BIN('00000000-0000-0000-0000-000000000201'), UUID_TO_BIN('57a209a9-ec6e-46a4-9056-f992833cc4ea'), 2, '강사님의 열정이 느껴지는 수업이었어요.', NOW() - INTERVAL 7 DAY, NOW() - INTERVAL 7 DAY),
    (UUID_TO_BIN('11c94dfc-63b6-4bc0-9a12-fc872cb519a0'), UUID_TO_BIN('00000000-0000-0000-0000-000000000002'), UUID_TO_BIN('00000000-0000-0000-0000-000000000201'), UUID_TO_BIN('94f2045a-079a-4bae-a096-6b8bff16d969'), 3, '처음 참여했는데 부담 없이 즐길 수 있었습니다.', NOW() - INTERVAL 8 DAY, NOW() - INTERVAL 8 DAY),
    (UUID_TO_BIN('f45935c4-ab04-4438-bb87-d6a31ca4c43c'), UUID_TO_BIN('00000000-0000-0000-0000-000000000002'), UUID_TO_BIN('00000000-0000-0000-0000-000000000201'), UUID_TO_BIN('ac9e544f-e003-4c3e-b608-f93ad081d70f'), 4, '친구에게도 추천했어요. 정말 좋았습니다.', NOW() - INTERVAL 9 DAY, NOW() - INTERVAL 9 DAY),
    (UUID_TO_BIN('ee73807c-ae8a-4f7c-a146-56df589322c0'), UUID_TO_BIN('00000000-0000-0000-0000-000000000002'), UUID_TO_BIN('00000000-0000-0000-0000-000000000201'), UUID_TO_BIN('41faf156-9ef8-42b2-8f5e-8807055e95b6'), 5, '가격 대비 퀄리티가 훌륭합니다.', NOW() - INTERVAL 10 DAY, NOW() - INTERVAL 10 DAY),
    (UUID_TO_BIN('8a03e9cf-1d1a-4cb5-be09-a09d4814aaef'), UUID_TO_BIN('00000000-0000-0000-0000-000000000002'), UUID_TO_BIN('00000000-0000-0000-0000-000000000201'), UUID_TO_BIN('6f5aa075-a4bf-46bb-bf34-f569b0afb6dc'), 1, '정말 좋은 수업이었습니다. 강사님이 친절하게 설명해주셨어요.', NOW() - INTERVAL 11 DAY, NOW() - INTERVAL 11 DAY),
    (UUID_TO_BIN('71e329ea-7c05-4d47-bb5a-72c328393461'), UUID_TO_BIN('00000000-0000-0000-0000-000000000002'), UUID_TO_BIN('00000000-0000-0000-0000-000000000201'), UUID_TO_BIN('af448722-9d05-4845-a990-c140ccae6aeb'), 2, '초보자도 따라하기 쉬운 수업입니다. 강추합니다!', NOW() - INTERVAL 12 DAY, NOW() - INTERVAL 12 DAY),
    (UUID_TO_BIN('65de2d14-080d-479d-bf77-428d317a065b'), UUID_TO_BIN('00000000-0000-0000-0000-000000000002'), UUID_TO_BIN('00000000-0000-0000-0000-000000000201'), UUID_TO_BIN('71f6a05a-c2f5-47a3-bfb9-7261f490bacd'), 3, '시설이 깔끔하고 수업 진행이 체계적이에요.', NOW() - INTERVAL 13 DAY, NOW() - INTERVAL 13 DAY),
    (UUID_TO_BIN('66d8eb02-722f-4d68-9f3f-cb9c4649b417'), UUID_TO_BIN('00000000-0000-0000-0000-000000000002'), UUID_TO_BIN('00000000-0000-0000-0000-000000000201'), UUID_TO_BIN('e24b6c75-a4fa-4aab-985d-ea82ab5435ab'), 4, '덕분에 운동에 재미를 붙이게 됐습니다. 감사해요.', NOW() - INTERVAL 14 DAY, NOW() - INTERVAL 14 DAY),
    (UUID_TO_BIN('393c2260-fc93-4d65-afac-43330e01096f'), UUID_TO_BIN('00000000-0000-0000-0000-000000000002'), UUID_TO_BIN('00000000-0000-0000-0000-000000000201'), UUID_TO_BIN('16c513d1-46fa-4dec-90b4-81f0c1b107f2'), 5, '다음에도 꼭 참여하고 싶은 수업이에요.', NOW() - INTERVAL 15 DAY, NOW() - INTERVAL 15 DAY),
    (UUID_TO_BIN('ada31040-333a-4729-974f-4392fc7be13c'), UUID_TO_BIN('00000000-0000-0000-0000-000000000002'), UUID_TO_BIN('00000000-0000-0000-0000-000000000201'), UUID_TO_BIN('cf220238-1be1-4594-a5a0-acb6b17f1b10'), 1, '기대 이상으로 만족스러웠습니다.', NOW() - INTERVAL 16 DAY, NOW() - INTERVAL 16 DAY),
    (UUID_TO_BIN('06e6923e-950f-419b-a785-61df45a39429'), UUID_TO_BIN('00000000-0000-0000-0000-000000000002'), UUID_TO_BIN('00000000-0000-0000-0000-000000000201'), UUID_TO_BIN('9a6dff72-55e8-411d-a894-10f3d97003aa'), 2, '강사님의 열정이 느껴지는 수업이었어요.', NOW() - INTERVAL 17 DAY, NOW() - INTERVAL 17 DAY),
    (UUID_TO_BIN('ae5a9efd-0b22-468b-bf56-57805319c299'), UUID_TO_BIN('00000000-0000-0000-0000-000000000002'), UUID_TO_BIN('00000000-0000-0000-0000-000000000201'), UUID_TO_BIN('e9b05962-e01e-439d-9ecb-15bfa5857364'), 3, '처음 참여했는데 부담 없이 즐길 수 있었습니다.', NOW() - INTERVAL 18 DAY, NOW() - INTERVAL 18 DAY),
    (UUID_TO_BIN('4c56d4b1-60be-485a-af3b-54c917cf70b3'), UUID_TO_BIN('00000000-0000-0000-0000-000000000002'), UUID_TO_BIN('00000000-0000-0000-0000-000000000201'), UUID_TO_BIN('a40bcac4-13eb-4104-829a-24dbd39f9aab'), 4, '친구에게도 추천했어요. 정말 좋았습니다.', NOW() - INTERVAL 19 DAY, NOW() - INTERVAL 19 DAY),
    (UUID_TO_BIN('2abeb90a-6711-469b-ab79-320e6e1730d3'), UUID_TO_BIN('00000000-0000-0000-0000-000000000002'), UUID_TO_BIN('00000000-0000-0000-0000-000000000201'), UUID_TO_BIN('9e2d5903-b373-43d4-a6a8-10861d9c0584'), 5, '가격 대비 퀄리티가 훌륭합니다.', NOW() - INTERVAL 20 DAY, NOW() - INTERVAL 20 DAY),
    (UUID_TO_BIN('f35258f3-89d3-4122-b2f5-60c66d5efa27'), UUID_TO_BIN('00000000-0000-0000-0000-000000000002'), UUID_TO_BIN('00000000-0000-0000-0000-000000000201'), UUID_TO_BIN('63383f7c-8364-4810-a4f0-054a84352580'), 1, '정말 좋은 수업이었습니다. 강사님이 친절하게 설명해주셨어요.', NOW() - INTERVAL 21 DAY, NOW() - INTERVAL 21 DAY),
    (UUID_TO_BIN('ff88efa6-8bbc-4a6f-9a4b-f653090dc5e9'), UUID_TO_BIN('00000000-0000-0000-0000-000000000002'), UUID_TO_BIN('00000000-0000-0000-0000-000000000201'), UUID_TO_BIN('c9750f8f-50de-4fdc-bcd3-1750b12361bb'), 2, '초보자도 따라하기 쉬운 수업입니다. 강추합니다!', NOW() - INTERVAL 22 DAY, NOW() - INTERVAL 22 DAY),
    (UUID_TO_BIN('ef7defec-84de-483f-8c6f-ed563d24a091'), UUID_TO_BIN('00000000-0000-0000-0000-000000000002'), UUID_TO_BIN('00000000-0000-0000-0000-000000000201'), UUID_TO_BIN('fe337d69-e4e5-467d-ac4a-ee3b3be1797f'), 3, '시설이 깔끔하고 수업 진행이 체계적이에요.', NOW() - INTERVAL 23 DAY, NOW() - INTERVAL 23 DAY),
    (UUID_TO_BIN('a29150a5-b757-4ce2-8f6d-6662575c0e57'), UUID_TO_BIN('00000000-0000-0000-0000-000000000002'), UUID_TO_BIN('00000000-0000-0000-0000-000000000201'), UUID_TO_BIN('7656655b-3154-4d71-a0c5-aba53e294b91'), 4, '덕분에 운동에 재미를 붙이게 됐습니다. 감사해요.', NOW() - INTERVAL 24 DAY, NOW() - INTERVAL 24 DAY),
    (UUID_TO_BIN('eecd60b8-ccc1-4df2-824a-904c1dc1ecf0'), UUID_TO_BIN('00000000-0000-0000-0000-000000000002'), UUID_TO_BIN('00000000-0000-0000-0000-000000000201'), UUID_TO_BIN('6cd20399-38d7-4ec7-9ac6-7ce1704c8e67'), 5, '다음에도 꼭 참여하고 싶은 수업이에요.', NOW() - INTERVAL 25 DAY, NOW() - INTERVAL 25 DAY),
    (UUID_TO_BIN('a86178bb-52bb-49dd-808b-1c83fa3418c6'), UUID_TO_BIN('00000000-0000-0000-0000-000000000002'), UUID_TO_BIN('00000000-0000-0000-0000-000000000201'), UUID_TO_BIN('725046c8-fa87-4eb0-a808-11dba0d2514b'), 1, '기대 이상으로 만족스러웠습니다.', NOW() - INTERVAL 26 DAY, NOW() - INTERVAL 26 DAY),
    (UUID_TO_BIN('0f4ce82a-b4b7-4f59-9bc8-302cf06115ac'), UUID_TO_BIN('00000000-0000-0000-0000-000000000002'), UUID_TO_BIN('00000000-0000-0000-0000-000000000201'), UUID_TO_BIN('308c7a57-e9d9-4033-9cf8-3847063658c7'), 2, '강사님의 열정이 느껴지는 수업이었어요.', NOW() - INTERVAL 27 DAY, NOW() - INTERVAL 27 DAY),
    (UUID_TO_BIN('a88d3abc-701a-4e52-875d-35b9cfe34922'), UUID_TO_BIN('00000000-0000-0000-0000-000000000002'), UUID_TO_BIN('00000000-0000-0000-0000-000000000201'), UUID_TO_BIN('fdf5f809-3c06-4572-93be-dc57e3f24d5b'), 3, '처음 참여했는데 부담 없이 즐길 수 있었습니다.', NOW() - INTERVAL 28 DAY, NOW() - INTERVAL 28 DAY),
    (UUID_TO_BIN('66dc6146-4b61-404d-9861-67311c1eb6eb'), UUID_TO_BIN('00000000-0000-0000-0000-000000000002'), UUID_TO_BIN('00000000-0000-0000-0000-000000000201'), UUID_TO_BIN('5332f543-96da-4cb7-995e-b77207ecc1d4'), 4, '친구에게도 추천했어요. 정말 좋았습니다.', NOW() - INTERVAL 29 DAY, NOW() - INTERVAL 29 DAY),
    (UUID_TO_BIN('133a37de-c523-4e2b-bc69-54a436585429'), UUID_TO_BIN('00000000-0000-0000-0000-000000000002'), UUID_TO_BIN('00000000-0000-0000-0000-000000000201'), UUID_TO_BIN('e3f86207-db9b-44cd-bbc5-328278171c15'), 5, '가격 대비 퀄리티가 훌륭합니다.', NOW() - INTERVAL 30 DAY, NOW() - INTERVAL 30 DAY),
    (UUID_TO_BIN('07cb6038-ed03-4b2c-b831-8de33d55d690'), UUID_TO_BIN('00000000-0000-0000-0000-000000000002'), UUID_TO_BIN('00000000-0000-0000-0000-000000000201'), UUID_TO_BIN('195bcdb7-50de-4ff8-a202-eea49bb08162'), 1, '정말 좋은 수업이었습니다. 강사님이 친절하게 설명해주셨어요.', NOW() - INTERVAL 1 DAY, NOW() - INTERVAL 1 DAY),
    (UUID_TO_BIN('dfae020d-c7f3-4e14-8403-a7a7b0b9b98c'), UUID_TO_BIN('00000000-0000-0000-0000-000000000002'), UUID_TO_BIN('00000000-0000-0000-0000-000000000201'), UUID_TO_BIN('6850870f-6c2b-4c46-a972-9d80fc24c4a2'), 2, '초보자도 따라하기 쉬운 수업입니다. 강추합니다!', NOW() - INTERVAL 2 DAY, NOW() - INTERVAL 2 DAY),
    (UUID_TO_BIN('c9a517b4-0e63-499d-a37f-fd7af5fac39b'), UUID_TO_BIN('00000000-0000-0000-0000-000000000002'), UUID_TO_BIN('00000000-0000-0000-0000-000000000201'), UUID_TO_BIN('4bac7a6b-c73a-4f2c-b17d-d07db4d800f0'), 3, '시설이 깔끔하고 수업 진행이 체계적이에요.', NOW() - INTERVAL 3 DAY, NOW() - INTERVAL 3 DAY),
    (UUID_TO_BIN('d9f1b238-0d82-44f7-a2b3-70f361060e34'), UUID_TO_BIN('00000000-0000-0000-0000-000000000002'), UUID_TO_BIN('00000000-0000-0000-0000-000000000201'), UUID_TO_BIN('21df71e7-61df-496a-a869-ef288e04b1e8'), 4, '덕분에 운동에 재미를 붙이게 됐습니다. 감사해요.', NOW() - INTERVAL 4 DAY, NOW() - INTERVAL 4 DAY),
    (UUID_TO_BIN('dc1f460f-a1c0-4242-b057-a7df1f895fa8'), UUID_TO_BIN('00000000-0000-0000-0000-000000000002'), UUID_TO_BIN('00000000-0000-0000-0000-000000000201'), UUID_TO_BIN('ade06c23-1e2f-45af-9242-015d73e279f8'), 5, '다음에도 꼭 참여하고 싶은 수업이에요.', NOW() - INTERVAL 5 DAY, NOW() - INTERVAL 5 DAY),
    (UUID_TO_BIN('a98df55c-caa9-43e1-9ca6-11bf5f7cada5'), UUID_TO_BIN('00000000-0000-0000-0000-000000000002'), UUID_TO_BIN('00000000-0000-0000-0000-000000000201'), UUID_TO_BIN('e79f19c1-a031-4dac-b43c-2a0619aec981'), 1, '기대 이상으로 만족스러웠습니다.', NOW() - INTERVAL 6 DAY, NOW() - INTERVAL 6 DAY),
    (UUID_TO_BIN('b82c5c4a-4f22-4e72-be05-a618b207b576'), UUID_TO_BIN('00000000-0000-0000-0000-000000000002'), UUID_TO_BIN('00000000-0000-0000-0000-000000000201'), UUID_TO_BIN('3d320843-a8c2-485b-abbb-e722219ff48e'), 2, '강사님의 열정이 느껴지는 수업이었어요.', NOW() - INTERVAL 7 DAY, NOW() - INTERVAL 7 DAY),
    (UUID_TO_BIN('676e62d6-0ae9-4cc7-b458-791674bb2810'), UUID_TO_BIN('00000000-0000-0000-0000-000000000002'), UUID_TO_BIN('00000000-0000-0000-0000-000000000201'), UUID_TO_BIN('32da7aa6-92bd-462b-b308-ed67289da147'), 3, '처음 참여했는데 부담 없이 즐길 수 있었습니다.', NOW() - INTERVAL 8 DAY, NOW() - INTERVAL 8 DAY),
    (UUID_TO_BIN('6c14491f-a399-4c7e-bb4c-ef782ce1cac0'), UUID_TO_BIN('00000000-0000-0000-0000-000000000002'), UUID_TO_BIN('00000000-0000-0000-0000-000000000201'), UUID_TO_BIN('c9c336fd-9533-4f4d-a337-b0d09154bd00'), 4, '친구에게도 추천했어요. 정말 좋았습니다.', NOW() - INTERVAL 9 DAY, NOW() - INTERVAL 9 DAY),
    (UUID_TO_BIN('53480cf8-8c12-4c18-8bc7-9466dd0f1b80'), UUID_TO_BIN('00000000-0000-0000-0000-000000000002'), UUID_TO_BIN('00000000-0000-0000-0000-000000000201'), UUID_TO_BIN('e10d4315-4867-4f5c-8087-bb355a54f416'), 5, '가격 대비 퀄리티가 훌륭합니다.', NOW() - INTERVAL 10 DAY, NOW() - INTERVAL 10 DAY),
    (UUID_TO_BIN('262f1869-4ec7-45e4-892c-4de801d8505e'), UUID_TO_BIN('00000000-0000-0000-0000-000000000002'), UUID_TO_BIN('00000000-0000-0000-0000-000000000201'), UUID_TO_BIN('b59bf33c-8968-45f9-9327-f98b4fe77b40'), 1, '정말 좋은 수업이었습니다. 강사님이 친절하게 설명해주셨어요.', NOW() - INTERVAL 11 DAY, NOW() - INTERVAL 11 DAY),
    (UUID_TO_BIN('e6115817-bb57-4cba-9355-0adeaf1310bc'), UUID_TO_BIN('00000000-0000-0000-0000-000000000002'), UUID_TO_BIN('00000000-0000-0000-0000-000000000201'), UUID_TO_BIN('470ea673-0ba5-4f48-8e67-7d30dbc7967c'), 2, '초보자도 따라하기 쉬운 수업입니다. 강추합니다!', NOW() - INTERVAL 12 DAY, NOW() - INTERVAL 12 DAY),
    (UUID_TO_BIN('597516ae-d571-4657-8b34-078727ba4f7a'), UUID_TO_BIN('00000000-0000-0000-0000-000000000002'), UUID_TO_BIN('00000000-0000-0000-0000-000000000201'), UUID_TO_BIN('e571338e-a0cf-418c-a0b8-91e73e7b8b7d'), 3, '시설이 깔끔하고 수업 진행이 체계적이에요.', NOW() - INTERVAL 13 DAY, NOW() - INTERVAL 13 DAY),
    (UUID_TO_BIN('574724b6-33d3-4382-98c1-4d8672814a09'), UUID_TO_BIN('00000000-0000-0000-0000-000000000002'), UUID_TO_BIN('00000000-0000-0000-0000-000000000201'), UUID_TO_BIN('a2b5ea07-e281-47a8-9b05-997c119a1465'), 4, '덕분에 운동에 재미를 붙이게 됐습니다. 감사해요.', NOW() - INTERVAL 14 DAY, NOW() - INTERVAL 14 DAY),
    (UUID_TO_BIN('1648b0bb-364a-41a6-a838-5b6acd8a326f'), UUID_TO_BIN('00000000-0000-0000-0000-000000000002'), UUID_TO_BIN('00000000-0000-0000-0000-000000000201'), UUID_TO_BIN('91001e45-e703-4877-a20e-c3e5c9b285ab'), 5, '다음에도 꼭 참여하고 싶은 수업이에요.', NOW() - INTERVAL 15 DAY, NOW() - INTERVAL 15 DAY),
    (UUID_TO_BIN('e041160b-5cd0-4e90-9f8a-239d2d670cfa'), UUID_TO_BIN('00000000-0000-0000-0000-000000000002'), UUID_TO_BIN('00000000-0000-0000-0000-000000000201'), UUID_TO_BIN('8e356a6c-428e-4686-a2f3-b71fce4ca6e9'), 1, '기대 이상으로 만족스러웠습니다.', NOW() - INTERVAL 16 DAY, NOW() - INTERVAL 16 DAY),
    (UUID_TO_BIN('c81c7951-7ed5-4e0c-b7d1-3bc103893ea0'), UUID_TO_BIN('00000000-0000-0000-0000-000000000002'), UUID_TO_BIN('00000000-0000-0000-0000-000000000201'), UUID_TO_BIN('bbc88380-4cb5-4eca-8bad-1b29239d6296'), 2, '강사님의 열정이 느껴지는 수업이었어요.', NOW() - INTERVAL 17 DAY, NOW() - INTERVAL 17 DAY),
    (UUID_TO_BIN('fda29b00-5361-4d67-b827-1aea5e7bb4e5'), UUID_TO_BIN('00000000-0000-0000-0000-000000000002'), UUID_TO_BIN('00000000-0000-0000-0000-000000000201'), UUID_TO_BIN('876fba21-ceff-4bcb-9d8a-99a9a0a22910'), 3, '처음 참여했는데 부담 없이 즐길 수 있었습니다.', NOW() - INTERVAL 18 DAY, NOW() - INTERVAL 18 DAY),
    (UUID_TO_BIN('faba6560-0f0a-4cc9-923f-9a2f1d0afedd'), UUID_TO_BIN('00000000-0000-0000-0000-000000000002'), UUID_TO_BIN('00000000-0000-0000-0000-000000000201'), UUID_TO_BIN('bacb78a6-54ac-4372-a9a6-51b4ace30ad6'), 4, '친구에게도 추천했어요. 정말 좋았습니다.', NOW() - INTERVAL 19 DAY, NOW() - INTERVAL 19 DAY),
    (UUID_TO_BIN('1dd32dd1-9fda-432d-9e38-69d8a7c0dad4'), UUID_TO_BIN('00000000-0000-0000-0000-000000000002'), UUID_TO_BIN('00000000-0000-0000-0000-000000000201'), UUID_TO_BIN('05055448-092d-446c-a39f-9df0bc365d30'), 5, '가격 대비 퀄리티가 훌륭합니다.', NOW() - INTERVAL 20 DAY, NOW() - INTERVAL 20 DAY),
    (UUID_TO_BIN('57faef30-4076-45d4-9dbb-de923161e0d1'), UUID_TO_BIN('00000000-0000-0000-0000-000000000002'), UUID_TO_BIN('00000000-0000-0000-0000-000000000201'), UUID_TO_BIN('a520e19e-01b0-48c9-9f47-5992b757ed54'), 1, '정말 좋은 수업이었습니다. 강사님이 친절하게 설명해주셨어요.', NOW() - INTERVAL 21 DAY, NOW() - INTERVAL 21 DAY),
    (UUID_TO_BIN('402fbe17-02c7-4eb4-9519-4fd0807ec1af'), UUID_TO_BIN('00000000-0000-0000-0000-000000000002'), UUID_TO_BIN('00000000-0000-0000-0000-000000000201'), UUID_TO_BIN('6e9140ed-088a-42ee-ace5-7a09da1558a8'), 2, '초보자도 따라하기 쉬운 수업입니다. 강추합니다!', NOW() - INTERVAL 22 DAY, NOW() - INTERVAL 22 DAY),
    (UUID_TO_BIN('c76d53b6-1b07-4184-8930-2e44fb4702d9'), UUID_TO_BIN('00000000-0000-0000-0000-000000000002'), UUID_TO_BIN('00000000-0000-0000-0000-000000000201'), UUID_TO_BIN('575a6e8d-0ff2-495b-959b-5ed979ca7677'), 3, '시설이 깔끔하고 수업 진행이 체계적이에요.', NOW() - INTERVAL 23 DAY, NOW() - INTERVAL 23 DAY),
    (UUID_TO_BIN('258f7a2d-97de-4c0a-bb47-cc02357392a0'), UUID_TO_BIN('00000000-0000-0000-0000-000000000002'), UUID_TO_BIN('00000000-0000-0000-0000-000000000201'), UUID_TO_BIN('19f226c9-7baa-4862-8ef5-357e9ba3f35e'), 4, '덕분에 운동에 재미를 붙이게 됐습니다. 감사해요.', NOW() - INTERVAL 24 DAY, NOW() - INTERVAL 24 DAY),
    (UUID_TO_BIN('a27ab256-8d26-4aa1-99cf-f0d1d874e04d'), UUID_TO_BIN('00000000-0000-0000-0000-000000000002'), UUID_TO_BIN('00000000-0000-0000-0000-000000000201'), UUID_TO_BIN('6581dd94-7697-4605-ac3b-bea7a4e4a0e4'), 5, '다음에도 꼭 참여하고 싶은 수업이에요.', NOW() - INTERVAL 25 DAY, NOW() - INTERVAL 25 DAY),
    (UUID_TO_BIN('25565094-8a2f-4321-9f4e-af1002905ec7'), UUID_TO_BIN('00000000-0000-0000-0000-000000000002'), UUID_TO_BIN('00000000-0000-0000-0000-000000000201'), UUID_TO_BIN('b1afef6e-0ca4-4b1b-90f0-352bd9bb1130'), 1, '기대 이상으로 만족스러웠습니다.', NOW() - INTERVAL 26 DAY, NOW() - INTERVAL 26 DAY),
    (UUID_TO_BIN('b2ead691-7701-4d3c-b5e8-2fc77ef94fb7'), UUID_TO_BIN('00000000-0000-0000-0000-000000000002'), UUID_TO_BIN('00000000-0000-0000-0000-000000000201'), UUID_TO_BIN('dc601315-30cf-4f42-8f8e-acba659f46a1'), 2, '강사님의 열정이 느껴지는 수업이었어요.', NOW() - INTERVAL 27 DAY, NOW() - INTERVAL 27 DAY),
    (UUID_TO_BIN('784e9987-cc68-4e75-93d6-009b70eda151'), UUID_TO_BIN('00000000-0000-0000-0000-000000000002'), UUID_TO_BIN('00000000-0000-0000-0000-000000000201'), UUID_TO_BIN('6e5956cb-49dc-4c2e-a766-273590f3e919'), 3, '처음 참여했는데 부담 없이 즐길 수 있었습니다.', NOW() - INTERVAL 28 DAY, NOW() - INTERVAL 28 DAY),
    (UUID_TO_BIN('73016711-8a62-487f-83ec-8d2ef67f35b1'), UUID_TO_BIN('00000000-0000-0000-0000-000000000002'), UUID_TO_BIN('00000000-0000-0000-0000-000000000201'), UUID_TO_BIN('53c2fc6a-70c4-4ba0-8770-f32db6f0556f'), 4, '친구에게도 추천했어요. 정말 좋았습니다.', NOW() - INTERVAL 29 DAY, NOW() - INTERVAL 29 DAY),
    (UUID_TO_BIN('8d2e824a-63db-4741-aa25-cdae0378be3f'), UUID_TO_BIN('00000000-0000-0000-0000-000000000002'), UUID_TO_BIN('00000000-0000-0000-0000-000000000201'), UUID_TO_BIN('485e4428-2d75-4b1a-8d45-f79738902a32'), 5, '가격 대비 퀄리티가 훌륭합니다.', NOW() - INTERVAL 30 DAY, NOW() - INTERVAL 30 DAY),
    (UUID_TO_BIN('e1f0c688-cf0f-4f1f-bad4-ea834e2b83e3'), UUID_TO_BIN('00000000-0000-0000-0000-000000000002'), UUID_TO_BIN('00000000-0000-0000-0000-000000000201'), UUID_TO_BIN('084dc3c8-80fe-4d95-b141-dde0eb8eaafe'), 1, '정말 좋은 수업이었습니다. 강사님이 친절하게 설명해주셨어요.', NOW() - INTERVAL 1 DAY, NOW() - INTERVAL 1 DAY),
    (UUID_TO_BIN('59543f53-a9b3-43c3-8948-143ac8918b69'), UUID_TO_BIN('00000000-0000-0000-0000-000000000002'), UUID_TO_BIN('00000000-0000-0000-0000-000000000201'), UUID_TO_BIN('dc0731c8-34a4-4219-90f0-ba57a6ec3c09'), 2, '초보자도 따라하기 쉬운 수업입니다. 강추합니다!', NOW() - INTERVAL 2 DAY, NOW() - INTERVAL 2 DAY),
    (UUID_TO_BIN('bc559c37-846f-4a8c-9d11-a4d4fd1ba6dc'), UUID_TO_BIN('00000000-0000-0000-0000-000000000002'), UUID_TO_BIN('00000000-0000-0000-0000-000000000201'), UUID_TO_BIN('1eaeefb4-0126-470b-8f99-6cb69f9a8890'), 3, '시설이 깔끔하고 수업 진행이 체계적이에요.', NOW() - INTERVAL 3 DAY, NOW() - INTERVAL 3 DAY),
    (UUID_TO_BIN('e1633d72-fc0d-4d5a-9e07-75da9ad02f26'), UUID_TO_BIN('00000000-0000-0000-0000-000000000002'), UUID_TO_BIN('00000000-0000-0000-0000-000000000201'), UUID_TO_BIN('4e41a97d-9534-4d51-82d4-f777041af4bb'), 4, '덕분에 운동에 재미를 붙이게 됐습니다. 감사해요.', NOW() - INTERVAL 4 DAY, NOW() - INTERVAL 4 DAY),
    (UUID_TO_BIN('5815690e-91ba-4bda-bdb6-e12d825fa726'), UUID_TO_BIN('00000000-0000-0000-0000-000000000002'), UUID_TO_BIN('00000000-0000-0000-0000-000000000201'), UUID_TO_BIN('7416d045-abbf-4b0c-8f8b-f564b1e3e131'), 5, '다음에도 꼭 참여하고 싶은 수업이에요.', NOW() - INTERVAL 5 DAY, NOW() - INTERVAL 5 DAY),
    (UUID_TO_BIN('d1b4a9ff-a77a-495a-9001-4af5ab9a8752'), UUID_TO_BIN('00000000-0000-0000-0000-000000000002'), UUID_TO_BIN('00000000-0000-0000-0000-000000000201'), UUID_TO_BIN('7e70b124-44ba-4797-8bdc-765ed2f4d4ae'), 1, '기대 이상으로 만족스러웠습니다.', NOW() - INTERVAL 6 DAY, NOW() - INTERVAL 6 DAY),
    (UUID_TO_BIN('4af0f9b4-96c0-4cde-8e05-d871bb40fff0'), UUID_TO_BIN('00000000-0000-0000-0000-000000000002'), UUID_TO_BIN('00000000-0000-0000-0000-000000000201'), UUID_TO_BIN('12577e2e-d314-49de-9bcd-be3f964078b5'), 2, '강사님의 열정이 느껴지는 수업이었어요.', NOW() - INTERVAL 7 DAY, NOW() - INTERVAL 7 DAY),
    (UUID_TO_BIN('0449cc38-f946-4a81-83f3-994ff242ff75'), UUID_TO_BIN('00000000-0000-0000-0000-000000000002'), UUID_TO_BIN('00000000-0000-0000-0000-000000000201'), UUID_TO_BIN('0d5edb7c-feb8-49bc-baff-48c106749171'), 3, '처음 참여했는데 부담 없이 즐길 수 있었습니다.', NOW() - INTERVAL 8 DAY, NOW() - INTERVAL 8 DAY),
    (UUID_TO_BIN('7a409265-c4cc-4c86-a440-0591f5dcacd1'), UUID_TO_BIN('00000000-0000-0000-0000-000000000002'), UUID_TO_BIN('00000000-0000-0000-0000-000000000201'), UUID_TO_BIN('e7a30774-9757-4987-bd61-3e019cda4ade'), 4, '친구에게도 추천했어요. 정말 좋았습니다.', NOW() - INTERVAL 9 DAY, NOW() - INTERVAL 9 DAY),
    (UUID_TO_BIN('d0615a31-4459-4121-81fb-c5038721803e'), UUID_TO_BIN('00000000-0000-0000-0000-000000000002'), UUID_TO_BIN('00000000-0000-0000-0000-000000000201'), UUID_TO_BIN('65bd9b09-4053-4a81-94e6-3eb792fec102'), 5, '가격 대비 퀄리티가 훌륭합니다.', NOW() - INTERVAL 10 DAY, NOW() - INTERVAL 10 DAY),
    (UUID_TO_BIN('1091e330-6afa-4378-a876-7ef29120cd67'), UUID_TO_BIN('00000000-0000-0000-0000-000000000002'), UUID_TO_BIN('00000000-0000-0000-0000-000000000201'), UUID_TO_BIN('5bf22f8a-141b-4de0-9dbc-7c1db637f8b6'), 1, '정말 좋은 수업이었습니다. 강사님이 친절하게 설명해주셨어요.', NOW() - INTERVAL 11 DAY, NOW() - INTERVAL 11 DAY),
    (UUID_TO_BIN('8309c25c-e50a-4c7d-a6e7-5794df687703'), UUID_TO_BIN('00000000-0000-0000-0000-000000000002'), UUID_TO_BIN('00000000-0000-0000-0000-000000000201'), UUID_TO_BIN('551b36f2-699c-4fa4-9ad0-6b624774eb9d'), 2, '초보자도 따라하기 쉬운 수업입니다. 강추합니다!', NOW() - INTERVAL 12 DAY, NOW() - INTERVAL 12 DAY),
    (UUID_TO_BIN('95455225-f123-4949-a08e-159caa0699a2'), UUID_TO_BIN('00000000-0000-0000-0000-000000000002'), UUID_TO_BIN('00000000-0000-0000-0000-000000000201'), UUID_TO_BIN('3d7fa5f9-07af-490f-badf-6e566102e951'), 3, '시설이 깔끔하고 수업 진행이 체계적이에요.', NOW() - INTERVAL 13 DAY, NOW() - INTERVAL 13 DAY),
    (UUID_TO_BIN('b7baecd7-16b9-4f28-9c78-95d92d4a94ec'), UUID_TO_BIN('00000000-0000-0000-0000-000000000002'), UUID_TO_BIN('00000000-0000-0000-0000-000000000201'), UUID_TO_BIN('97ab0fbf-84b8-4a62-af7c-f990d126f308'), 4, '덕분에 운동에 재미를 붙이게 됐습니다. 감사해요.', NOW() - INTERVAL 14 DAY, NOW() - INTERVAL 14 DAY),
    (UUID_TO_BIN('7971465a-3cbe-4be5-a315-1dc12e80b05a'), UUID_TO_BIN('00000000-0000-0000-0000-000000000002'), UUID_TO_BIN('00000000-0000-0000-0000-000000000201'), UUID_TO_BIN('4e4a7cdc-ad69-4e9d-9b9f-11d94bc8fd8f'), 5, '다음에도 꼭 참여하고 싶은 수업이에요.', NOW() - INTERVAL 15 DAY, NOW() - INTERVAL 15 DAY),
    (UUID_TO_BIN('542f3c9f-1228-449c-83bc-8999abbda341'), UUID_TO_BIN('00000000-0000-0000-0000-000000000002'), UUID_TO_BIN('00000000-0000-0000-0000-000000000201'), UUID_TO_BIN('c08b9b76-d36b-4514-b594-bf1dede5eeed'), 1, '기대 이상으로 만족스러웠습니다.', NOW() - INTERVAL 16 DAY, NOW() - INTERVAL 16 DAY),
    (UUID_TO_BIN('18fe91e4-6f5d-4d95-880f-a2a92765177b'), UUID_TO_BIN('00000000-0000-0000-0000-000000000002'), UUID_TO_BIN('00000000-0000-0000-0000-000000000201'), UUID_TO_BIN('94b4ef58-1f07-4476-9342-73e5d3fb41e1'), 2, '강사님의 열정이 느껴지는 수업이었어요.', NOW() - INTERVAL 17 DAY, NOW() - INTERVAL 17 DAY),
    (UUID_TO_BIN('92e9bbe9-7dc2-42b5-a371-8597b34cf6b4'), UUID_TO_BIN('00000000-0000-0000-0000-000000000002'), UUID_TO_BIN('00000000-0000-0000-0000-000000000201'), UUID_TO_BIN('db864405-101b-4410-b779-ad8c634b7d36'), 3, '처음 참여했는데 부담 없이 즐길 수 있었습니다.', NOW() - INTERVAL 18 DAY, NOW() - INTERVAL 18 DAY),
    (UUID_TO_BIN('5447c1e3-3fd8-4431-8c22-01cebf7cc80c'), UUID_TO_BIN('00000000-0000-0000-0000-000000000002'), UUID_TO_BIN('00000000-0000-0000-0000-000000000201'), UUID_TO_BIN('d443d5a7-7144-4eb4-b638-85430078ce0d'), 4, '친구에게도 추천했어요. 정말 좋았습니다.', NOW() - INTERVAL 19 DAY, NOW() - INTERVAL 19 DAY),
    (UUID_TO_BIN('5ea852e2-8891-4f91-b531-876f8fceb483'), UUID_TO_BIN('00000000-0000-0000-0000-000000000002'), UUID_TO_BIN('00000000-0000-0000-0000-000000000201'), UUID_TO_BIN('f8233e41-b604-47ed-94a2-6592392cafa4'), 5, '가격 대비 퀄리티가 훌륭합니다.', NOW() - INTERVAL 20 DAY, NOW() - INTERVAL 20 DAY),
    (UUID_TO_BIN('bc77037f-b433-4d4a-acf3-36f98e57352c'), UUID_TO_BIN('00000000-0000-0000-0000-000000000002'), UUID_TO_BIN('00000000-0000-0000-0000-000000000201'), UUID_TO_BIN('00b0bd7a-82f4-464c-8e3a-a8a12c85710d'), 1, '정말 좋은 수업이었습니다. 강사님이 친절하게 설명해주셨어요.', NOW() - INTERVAL 21 DAY, NOW() - INTERVAL 21 DAY),
    (UUID_TO_BIN('366fd184-72d0-4ca8-ae56-c4185348bb88'), UUID_TO_BIN('00000000-0000-0000-0000-000000000002'), UUID_TO_BIN('00000000-0000-0000-0000-000000000201'), UUID_TO_BIN('8aa404d7-9f99-4547-82fd-422e4e027482'), 2, '초보자도 따라하기 쉬운 수업입니다. 강추합니다!', NOW() - INTERVAL 22 DAY, NOW() - INTERVAL 22 DAY),
    (UUID_TO_BIN('43562f98-0d7a-4255-9a90-07c88029a692'), UUID_TO_BIN('00000000-0000-0000-0000-000000000002'), UUID_TO_BIN('00000000-0000-0000-0000-000000000201'), UUID_TO_BIN('2b2db513-0760-48f6-b7c8-a06c5f76f326'), 3, '시설이 깔끔하고 수업 진행이 체계적이에요.', NOW() - INTERVAL 23 DAY, NOW() - INTERVAL 23 DAY),
    (UUID_TO_BIN('96b7e6d9-d23e-48cd-b083-92b1791cd575'), UUID_TO_BIN('00000000-0000-0000-0000-000000000002'), UUID_TO_BIN('00000000-0000-0000-0000-000000000201'), UUID_TO_BIN('082d2aeb-31ec-4f06-8541-378a101cc488'), 4, '덕분에 운동에 재미를 붙이게 됐습니다. 감사해요.', NOW() - INTERVAL 24 DAY, NOW() - INTERVAL 24 DAY),
    (UUID_TO_BIN('0a969aa1-b5b3-4e2c-aa41-6207b41c406b'), UUID_TO_BIN('00000000-0000-0000-0000-000000000002'), UUID_TO_BIN('00000000-0000-0000-0000-000000000201'), UUID_TO_BIN('6f29510d-257f-45b2-864d-fdf2bf98857a'), 5, '다음에도 꼭 참여하고 싶은 수업이에요.', NOW() - INTERVAL 25 DAY, NOW() - INTERVAL 25 DAY),
    (UUID_TO_BIN('f3ae1acb-3774-4ffa-b9f7-c662d69f333d'), UUID_TO_BIN('00000000-0000-0000-0000-000000000002'), UUID_TO_BIN('00000000-0000-0000-0000-000000000201'), UUID_TO_BIN('3383bbc9-34e4-480e-88bb-2a6cceb44f19'), 1, '기대 이상으로 만족스러웠습니다.', NOW() - INTERVAL 26 DAY, NOW() - INTERVAL 26 DAY),
    (UUID_TO_BIN('eeecfb20-04cd-4f74-9220-17721450b059'), UUID_TO_BIN('00000000-0000-0000-0000-000000000002'), UUID_TO_BIN('00000000-0000-0000-0000-000000000201'), UUID_TO_BIN('23c9da68-e0da-41af-a17d-f59b8e88f5a1'), 2, '강사님의 열정이 느껴지는 수업이었어요.', NOW() - INTERVAL 27 DAY, NOW() - INTERVAL 27 DAY),
    (UUID_TO_BIN('37264517-fa46-441f-ab21-4472bea7b7f9'), UUID_TO_BIN('00000000-0000-0000-0000-000000000002'), UUID_TO_BIN('00000000-0000-0000-0000-000000000201'), UUID_TO_BIN('f2c30b37-d8f8-4995-a2c4-5c9e1a921c19'), 3, '처음 참여했는데 부담 없이 즐길 수 있었습니다.', NOW() - INTERVAL 28 DAY, NOW() - INTERVAL 28 DAY),
    (UUID_TO_BIN('e52d02c8-674b-466b-9157-3b6560c90938'), UUID_TO_BIN('00000000-0000-0000-0000-000000000002'), UUID_TO_BIN('00000000-0000-0000-0000-000000000201'), UUID_TO_BIN('10ab105e-0555-4131-806b-ff7800012a1c'), 4, '친구에게도 추천했어요. 정말 좋았습니다.', NOW() - INTERVAL 29 DAY, NOW() - INTERVAL 29 DAY),
    (UUID_TO_BIN('f20adb81-97e5-4aa8-9703-a843884d5428'), UUID_TO_BIN('00000000-0000-0000-0000-000000000002'), UUID_TO_BIN('00000000-0000-0000-0000-000000000201'), UUID_TO_BIN('3f8baa4f-dade-480a-9b7f-0b96cf0f630b'), 5, '가격 대비 퀄리티가 훌륭합니다.', NOW() - INTERVAL 30 DAY, NOW() - INTERVAL 30 DAY),
    (UUID_TO_BIN('331af1dc-e846-4501-b41f-5131c4a1d185'), UUID_TO_BIN('00000000-0000-0000-0000-000000000002'), UUID_TO_BIN('00000000-0000-0000-0000-000000000201'), UUID_TO_BIN('146da1f0-4f18-4054-888b-81afc2731866'), 1, '정말 좋은 수업이었습니다. 강사님이 친절하게 설명해주셨어요.', NOW() - INTERVAL 1 DAY, NOW() - INTERVAL 1 DAY),
    (UUID_TO_BIN('188c6d05-377a-4114-96a4-fce4771aac29'), UUID_TO_BIN('00000000-0000-0000-0000-000000000002'), UUID_TO_BIN('00000000-0000-0000-0000-000000000201'), UUID_TO_BIN('73fda239-6ac7-40e4-86ac-40259f52e33b'), 2, '초보자도 따라하기 쉬운 수업입니다. 강추합니다!', NOW() - INTERVAL 2 DAY, NOW() - INTERVAL 2 DAY),
    (UUID_TO_BIN('d9e7ce63-b39f-4938-bc73-fecf54edec8d'), UUID_TO_BIN('00000000-0000-0000-0000-000000000002'), UUID_TO_BIN('00000000-0000-0000-0000-000000000201'), UUID_TO_BIN('361d0703-ce99-451c-8c45-1e372dcdd972'), 3, '시설이 깔끔하고 수업 진행이 체계적이에요.', NOW() - INTERVAL 3 DAY, NOW() - INTERVAL 3 DAY),
    (UUID_TO_BIN('ac13abec-1ad1-42ee-ac52-8f77a0fe82c3'), UUID_TO_BIN('00000000-0000-0000-0000-000000000002'), UUID_TO_BIN('00000000-0000-0000-0000-000000000201'), UUID_TO_BIN('d517acb1-c37b-4686-9d56-6b9da973b2f3'), 4, '덕분에 운동에 재미를 붙이게 됐습니다. 감사해요.', NOW() - INTERVAL 4 DAY, NOW() - INTERVAL 4 DAY),
    (UUID_TO_BIN('515774d2-e9be-4e79-971f-6e9d32d24697'), UUID_TO_BIN('00000000-0000-0000-0000-000000000002'), UUID_TO_BIN('00000000-0000-0000-0000-000000000201'), UUID_TO_BIN('9ea15a6d-ae1b-4c3b-8675-660f43824476'), 5, '다음에도 꼭 참여하고 싶은 수업이에요.', NOW() - INTERVAL 5 DAY, NOW() - INTERVAL 5 DAY),
    (UUID_TO_BIN('4892d8a1-12fa-41a8-aeb1-2b13c7a1f620'), UUID_TO_BIN('00000000-0000-0000-0000-000000000002'), UUID_TO_BIN('00000000-0000-0000-0000-000000000201'), UUID_TO_BIN('5a53d16b-dbe0-4bee-8633-b481103c3435'), 1, '기대 이상으로 만족스러웠습니다.', NOW() - INTERVAL 6 DAY, NOW() - INTERVAL 6 DAY),
    (UUID_TO_BIN('8fb1fe73-8dbf-4621-a85e-e256b78d12bf'), UUID_TO_BIN('00000000-0000-0000-0000-000000000002'), UUID_TO_BIN('00000000-0000-0000-0000-000000000201'), UUID_TO_BIN('a0e27027-9cc2-4d2a-9f9c-79b4383c3a7b'), 2, '강사님의 열정이 느껴지는 수업이었어요.', NOW() - INTERVAL 7 DAY, NOW() - INTERVAL 7 DAY),
    (UUID_TO_BIN('6e38e263-95c5-4a5a-936e-00c8ccb4cafb'), UUID_TO_BIN('00000000-0000-0000-0000-000000000002'), UUID_TO_BIN('00000000-0000-0000-0000-000000000201'), UUID_TO_BIN('866d72ff-6c2a-4c18-9a95-ec5d1c1005b6'), 3, '처음 참여했는데 부담 없이 즐길 수 있었습니다.', NOW() - INTERVAL 8 DAY, NOW() - INTERVAL 8 DAY),
    (UUID_TO_BIN('50e3dfa6-4b6e-4a8d-86f7-cf5263312da1'), UUID_TO_BIN('00000000-0000-0000-0000-000000000002'), UUID_TO_BIN('00000000-0000-0000-0000-000000000201'), UUID_TO_BIN('6a9bfc87-f64b-4bcb-829a-97371695c61c'), 4, '친구에게도 추천했어요. 정말 좋았습니다.', NOW() - INTERVAL 9 DAY, NOW() - INTERVAL 9 DAY),
    (UUID_TO_BIN('deff478c-1b1d-4ff4-9512-d711d7f1556a'), UUID_TO_BIN('00000000-0000-0000-0000-000000000002'), UUID_TO_BIN('00000000-0000-0000-0000-000000000201'), UUID_TO_BIN('9985fbc0-6b59-4fed-b028-cda45e926172'), 5, '가격 대비 퀄리티가 훌륭합니다.', NOW() - INTERVAL 10 DAY, NOW() - INTERVAL 10 DAY),
    (UUID_TO_BIN('4d2bee67-37d3-473f-9ae6-890e06d9bbd9'), UUID_TO_BIN('00000000-0000-0000-0000-000000000002'), UUID_TO_BIN('00000000-0000-0000-0000-000000000201'), UUID_TO_BIN('d241afdc-cf39-4717-b2ac-8fb71431ebe8'), 1, '정말 좋은 수업이었습니다. 강사님이 친절하게 설명해주셨어요.', NOW() - INTERVAL 11 DAY, NOW() - INTERVAL 11 DAY),
    (UUID_TO_BIN('02df555c-9b74-418c-b5d6-7b8066bd776e'), UUID_TO_BIN('00000000-0000-0000-0000-000000000002'), UUID_TO_BIN('00000000-0000-0000-0000-000000000201'), UUID_TO_BIN('c5bc5a28-63cc-48fd-b774-edbfd99781fa'), 2, '초보자도 따라하기 쉬운 수업입니다. 강추합니다!', NOW() - INTERVAL 12 DAY, NOW() - INTERVAL 12 DAY),
    (UUID_TO_BIN('de58f930-ec3d-4332-bf6a-1992adbffb1f'), UUID_TO_BIN('00000000-0000-0000-0000-000000000002'), UUID_TO_BIN('00000000-0000-0000-0000-000000000201'), UUID_TO_BIN('58b519b6-2070-4c30-9715-2b922ded02a3'), 3, '시설이 깔끔하고 수업 진행이 체계적이에요.', NOW() - INTERVAL 13 DAY, NOW() - INTERVAL 13 DAY),
    (UUID_TO_BIN('6a8593b2-be94-40b6-91db-e697b05bbb98'), UUID_TO_BIN('00000000-0000-0000-0000-000000000002'), UUID_TO_BIN('00000000-0000-0000-0000-000000000201'), UUID_TO_BIN('f69ff570-4399-44bc-8d5c-66fb7e61bc18'), 4, '덕분에 운동에 재미를 붙이게 됐습니다. 감사해요.', NOW() - INTERVAL 14 DAY, NOW() - INTERVAL 14 DAY),
    (UUID_TO_BIN('52815a22-3db3-43c5-a939-654fb7236d6a'), UUID_TO_BIN('00000000-0000-0000-0000-000000000002'), UUID_TO_BIN('00000000-0000-0000-0000-000000000201'), UUID_TO_BIN('92c50010-fbd2-49fc-befe-b12fd45b1bc6'), 5, '다음에도 꼭 참여하고 싶은 수업이에요.', NOW() - INTERVAL 15 DAY, NOW() - INTERVAL 15 DAY),
    (UUID_TO_BIN('4f55eb56-db34-416e-aad9-fda08608c294'), UUID_TO_BIN('00000000-0000-0000-0000-000000000002'), UUID_TO_BIN('00000000-0000-0000-0000-000000000201'), UUID_TO_BIN('5a46dfc5-5277-43e9-80dd-3a2220784949'), 1, '기대 이상으로 만족스러웠습니다.', NOW() - INTERVAL 16 DAY, NOW() - INTERVAL 16 DAY),
    (UUID_TO_BIN('f18fc8e1-7257-4391-baac-dd2d42ab8286'), UUID_TO_BIN('00000000-0000-0000-0000-000000000002'), UUID_TO_BIN('00000000-0000-0000-0000-000000000201'), UUID_TO_BIN('a73fb125-f123-42fa-b2db-efb54cf14250'), 2, '강사님의 열정이 느껴지는 수업이었어요.', NOW() - INTERVAL 17 DAY, NOW() - INTERVAL 17 DAY),
    (UUID_TO_BIN('a48fb5b5-9e17-4816-8ab3-3f3c03dc88f9'), UUID_TO_BIN('00000000-0000-0000-0000-000000000002'), UUID_TO_BIN('00000000-0000-0000-0000-000000000201'), UUID_TO_BIN('099ed86d-05fa-4b57-8252-09f5dcb3aa73'), 3, '처음 참여했는데 부담 없이 즐길 수 있었습니다.', NOW() - INTERVAL 18 DAY, NOW() - INTERVAL 18 DAY),
    (UUID_TO_BIN('f841421e-4159-418c-9b91-9217e3c1c237'), UUID_TO_BIN('00000000-0000-0000-0000-000000000002'), UUID_TO_BIN('00000000-0000-0000-0000-000000000201'), UUID_TO_BIN('06f14f43-ebb1-4ae0-a9ae-c4f8dfcdd109'), 4, '친구에게도 추천했어요. 정말 좋았습니다.', NOW() - INTERVAL 19 DAY, NOW() - INTERVAL 19 DAY),
    (UUID_TO_BIN('27ead4f5-da1b-4d87-9ceb-68e2b9a41cf2'), UUID_TO_BIN('00000000-0000-0000-0000-000000000002'), UUID_TO_BIN('00000000-0000-0000-0000-000000000201'), UUID_TO_BIN('37b4499d-41bb-4f5d-bfd5-35624ab23a15'), 5, '가격 대비 퀄리티가 훌륭합니다.', NOW() - INTERVAL 20 DAY, NOW() - INTERVAL 20 DAY),
    (UUID_TO_BIN('904770f8-3827-4087-ad5e-9dc3b23df8e7'), UUID_TO_BIN('00000000-0000-0000-0000-000000000002'), UUID_TO_BIN('00000000-0000-0000-0000-000000000201'), UUID_TO_BIN('08e814c1-a8d1-4159-9ab4-bf101d7281b0'), 1, '정말 좋은 수업이었습니다. 강사님이 친절하게 설명해주셨어요.', NOW() - INTERVAL 21 DAY, NOW() - INTERVAL 21 DAY),
    (UUID_TO_BIN('8d060aa3-81e2-4f9a-9610-42e215e13270'), UUID_TO_BIN('00000000-0000-0000-0000-000000000002'), UUID_TO_BIN('00000000-0000-0000-0000-000000000201'), UUID_TO_BIN('03c31038-a827-476e-9219-ab6b9196f99a'), 2, '초보자도 따라하기 쉬운 수업입니다. 강추합니다!', NOW() - INTERVAL 22 DAY, NOW() - INTERVAL 22 DAY),
    (UUID_TO_BIN('ffc07559-4d39-4bbb-a19a-b5ddf3865d70'), UUID_TO_BIN('00000000-0000-0000-0000-000000000002'), UUID_TO_BIN('00000000-0000-0000-0000-000000000201'), UUID_TO_BIN('81b017e7-b58f-459f-aed3-e813bd79d1b5'), 3, '시설이 깔끔하고 수업 진행이 체계적이에요.', NOW() - INTERVAL 23 DAY, NOW() - INTERVAL 23 DAY),
    (UUID_TO_BIN('a0e178df-b0cc-4574-988b-939cbd682d7d'), UUID_TO_BIN('00000000-0000-0000-0000-000000000002'), UUID_TO_BIN('00000000-0000-0000-0000-000000000201'), UUID_TO_BIN('08e4e75a-e357-4e18-9c23-0c1bc9a2bf5a'), 4, '덕분에 운동에 재미를 붙이게 됐습니다. 감사해요.', NOW() - INTERVAL 24 DAY, NOW() - INTERVAL 24 DAY),
    (UUID_TO_BIN('2c6f14e4-b43a-4c2b-9a8b-2f6fd26fd4b4'), UUID_TO_BIN('00000000-0000-0000-0000-000000000002'), UUID_TO_BIN('00000000-0000-0000-0000-000000000201'), UUID_TO_BIN('c09d0648-fb84-4d5b-8d88-2643f862b9f9'), 5, '다음에도 꼭 참여하고 싶은 수업이에요.', NOW() - INTERVAL 25 DAY, NOW() - INTERVAL 25 DAY),
    (UUID_TO_BIN('259af35d-000e-46c7-83d1-8c66418aacd8'), UUID_TO_BIN('00000000-0000-0000-0000-000000000002'), UUID_TO_BIN('00000000-0000-0000-0000-000000000201'), UUID_TO_BIN('8c83ed8d-5619-4696-8f53-f99759dd0994'), 1, '기대 이상으로 만족스러웠습니다.', NOW() - INTERVAL 26 DAY, NOW() - INTERVAL 26 DAY),
    (UUID_TO_BIN('5f99c621-fb4d-437c-8b36-36cc723bb678'), UUID_TO_BIN('00000000-0000-0000-0000-000000000002'), UUID_TO_BIN('00000000-0000-0000-0000-000000000201'), UUID_TO_BIN('3d19bdb8-f2ad-4134-a44a-54ba3a8fb78f'), 2, '강사님의 열정이 느껴지는 수업이었어요.', NOW() - INTERVAL 27 DAY, NOW() - INTERVAL 27 DAY),
    (UUID_TO_BIN('689bdd55-7bff-4795-ab1b-1cf6ae922bb9'), UUID_TO_BIN('00000000-0000-0000-0000-000000000002'), UUID_TO_BIN('00000000-0000-0000-0000-000000000201'), UUID_TO_BIN('0f53da83-001f-4fa7-9822-8ef70fba7285'), 3, '처음 참여했는데 부담 없이 즐길 수 있었습니다.', NOW() - INTERVAL 28 DAY, NOW() - INTERVAL 28 DAY),
    (UUID_TO_BIN('d66e99e1-562e-4042-aaff-e49a79eed84c'), UUID_TO_BIN('00000000-0000-0000-0000-000000000002'), UUID_TO_BIN('00000000-0000-0000-0000-000000000201'), UUID_TO_BIN('1fd10dc4-a190-4523-9486-0da2c63e83ae'), 4, '친구에게도 추천했어요. 정말 좋았습니다.', NOW() - INTERVAL 29 DAY, NOW() - INTERVAL 29 DAY),
    (UUID_TO_BIN('ef7ae1b0-dbdc-42ad-9eda-5beee042f17f'), UUID_TO_BIN('00000000-0000-0000-0000-000000000002'), UUID_TO_BIN('00000000-0000-0000-0000-000000000201'), UUID_TO_BIN('c7024447-69dd-4443-b852-6238568717be'), 5, '가격 대비 퀄리티가 훌륭합니다.', NOW() - INTERVAL 30 DAY, NOW() - INTERVAL 30 DAY),
    (UUID_TO_BIN('87eea1c1-f4b5-4bee-aaf9-a7247d9184eb'), UUID_TO_BIN('00000000-0000-0000-0000-000000000002'), UUID_TO_BIN('00000000-0000-0000-0000-000000000201'), UUID_TO_BIN('9cc149fe-fd57-4109-a34d-9097d6923b65'), 1, '정말 좋은 수업이었습니다. 강사님이 친절하게 설명해주셨어요.', NOW() - INTERVAL 1 DAY, NOW() - INTERVAL 1 DAY),
    (UUID_TO_BIN('ada37d5c-cbcd-4d67-a010-c7125f71f503'), UUID_TO_BIN('00000000-0000-0000-0000-000000000002'), UUID_TO_BIN('00000000-0000-0000-0000-000000000201'), UUID_TO_BIN('b6b056c3-7acb-4970-9303-4a2c4607b35d'), 2, '초보자도 따라하기 쉬운 수업입니다. 강추합니다!', NOW() - INTERVAL 2 DAY, NOW() - INTERVAL 2 DAY),
    (UUID_TO_BIN('7089ea02-11e3-44fd-a8cd-cacef8013816'), UUID_TO_BIN('00000000-0000-0000-0000-000000000002'), UUID_TO_BIN('00000000-0000-0000-0000-000000000201'), UUID_TO_BIN('2e280dcb-7724-4d29-92c9-00bcd7490167'), 3, '시설이 깔끔하고 수업 진행이 체계적이에요.', NOW() - INTERVAL 3 DAY, NOW() - INTERVAL 3 DAY),
    (UUID_TO_BIN('46934470-6148-4e6f-9bb5-40fbb4fb5d17'), UUID_TO_BIN('00000000-0000-0000-0000-000000000002'), UUID_TO_BIN('00000000-0000-0000-0000-000000000201'), UUID_TO_BIN('00514ed9-a4a0-49f4-9596-876332828bfc'), 4, '덕분에 운동에 재미를 붙이게 됐습니다. 감사해요.', NOW() - INTERVAL 4 DAY, NOW() - INTERVAL 4 DAY),
    (UUID_TO_BIN('139a4eba-7318-4164-8573-32e4f213026f'), UUID_TO_BIN('00000000-0000-0000-0000-000000000002'), UUID_TO_BIN('00000000-0000-0000-0000-000000000201'), UUID_TO_BIN('13be5e68-b5ed-4b42-bcde-3ffe97fc5482'), 5, '다음에도 꼭 참여하고 싶은 수업이에요.', NOW() - INTERVAL 5 DAY, NOW() - INTERVAL 5 DAY),
    (UUID_TO_BIN('569f6de8-82e5-406a-95bb-b0f375f53e51'), UUID_TO_BIN('00000000-0000-0000-0000-000000000002'), UUID_TO_BIN('00000000-0000-0000-0000-000000000201'), UUID_TO_BIN('cd8a9273-59b4-4712-9fd7-8a04a273804d'), 1, '기대 이상으로 만족스러웠습니다.', NOW() - INTERVAL 6 DAY, NOW() - INTERVAL 6 DAY),
    (UUID_TO_BIN('e13da728-c7f2-4a2a-9d5b-52b39c6ba32e'), UUID_TO_BIN('00000000-0000-0000-0000-000000000002'), UUID_TO_BIN('00000000-0000-0000-0000-000000000201'), UUID_TO_BIN('e9f86a48-5fcb-41ed-ae8e-6fa25207be42'), 2, '강사님의 열정이 느껴지는 수업이었어요.', NOW() - INTERVAL 7 DAY, NOW() - INTERVAL 7 DAY),
    (UUID_TO_BIN('9e5b1f88-4cbe-4a24-9d11-f6af08ab8d68'), UUID_TO_BIN('00000000-0000-0000-0000-000000000002'), UUID_TO_BIN('00000000-0000-0000-0000-000000000201'), UUID_TO_BIN('43bccded-f8ac-4ff7-8049-f42ef35b662c'), 3, '처음 참여했는데 부담 없이 즐길 수 있었습니다.', NOW() - INTERVAL 8 DAY, NOW() - INTERVAL 8 DAY),
    (UUID_TO_BIN('611e7413-c414-42df-8b66-36f2b225355d'), UUID_TO_BIN('00000000-0000-0000-0000-000000000002'), UUID_TO_BIN('00000000-0000-0000-0000-000000000201'), UUID_TO_BIN('11afc239-0285-41e9-aaab-b9f61395fdfd'), 4, '친구에게도 추천했어요. 정말 좋았습니다.', NOW() - INTERVAL 9 DAY, NOW() - INTERVAL 9 DAY),
    (UUID_TO_BIN('4553f870-5e14-4b57-935c-ca8ffa9c47eb'), UUID_TO_BIN('00000000-0000-0000-0000-000000000002'), UUID_TO_BIN('00000000-0000-0000-0000-000000000201'), UUID_TO_BIN('8cbff2be-c562-4c5a-85ae-c822e5a15e5b'), 5, '가격 대비 퀄리티가 훌륭합니다.', NOW() - INTERVAL 10 DAY, NOW() - INTERVAL 10 DAY),
    (UUID_TO_BIN('5433c07c-d019-4a12-b79d-e1f4901cdfce'), UUID_TO_BIN('00000000-0000-0000-0000-000000000002'), UUID_TO_BIN('00000000-0000-0000-0000-000000000201'), UUID_TO_BIN('8aa28721-6664-4d74-be05-f1863da8e949'), 1, '정말 좋은 수업이었습니다. 강사님이 친절하게 설명해주셨어요.', NOW() - INTERVAL 11 DAY, NOW() - INTERVAL 11 DAY),
    (UUID_TO_BIN('07012fbb-fbc3-4fea-b21b-a6a732597784'), UUID_TO_BIN('00000000-0000-0000-0000-000000000002'), UUID_TO_BIN('00000000-0000-0000-0000-000000000201'), UUID_TO_BIN('c35cff40-e206-49e5-b43e-ccb40fe3f889'), 2, '초보자도 따라하기 쉬운 수업입니다. 강추합니다!', NOW() - INTERVAL 12 DAY, NOW() - INTERVAL 12 DAY),
    (UUID_TO_BIN('3c061b6c-08e3-4e60-98c7-ff1392e161bc'), UUID_TO_BIN('00000000-0000-0000-0000-000000000002'), UUID_TO_BIN('00000000-0000-0000-0000-000000000201'), UUID_TO_BIN('b3ea5881-52ba-40a4-a87d-dd1e92fe4ab4'), 3, '시설이 깔끔하고 수업 진행이 체계적이에요.', NOW() - INTERVAL 13 DAY, NOW() - INTERVAL 13 DAY),
    (UUID_TO_BIN('3b962b66-7bdf-437e-9006-87136d0e0ab0'), UUID_TO_BIN('00000000-0000-0000-0000-000000000002'), UUID_TO_BIN('00000000-0000-0000-0000-000000000201'), UUID_TO_BIN('b93e8969-4904-482c-8dc0-6e6ce8d78a31'), 4, '덕분에 운동에 재미를 붙이게 됐습니다. 감사해요.', NOW() - INTERVAL 14 DAY, NOW() - INTERVAL 14 DAY),
    (UUID_TO_BIN('3cb67ad8-f766-4370-8696-f99ad43674cc'), UUID_TO_BIN('00000000-0000-0000-0000-000000000002'), UUID_TO_BIN('00000000-0000-0000-0000-000000000201'), UUID_TO_BIN('44fd5aa1-3dd8-4cac-955b-c98e272ac83f'), 5, '다음에도 꼭 참여하고 싶은 수업이에요.', NOW() - INTERVAL 15 DAY, NOW() - INTERVAL 15 DAY),
    (UUID_TO_BIN('ce79aaf5-5c02-48e1-b9ce-204b4bbdf96c'), UUID_TO_BIN('00000000-0000-0000-0000-000000000002'), UUID_TO_BIN('00000000-0000-0000-0000-000000000201'), UUID_TO_BIN('5815f4ac-9cbf-4405-ad68-49b94dced841'), 1, '기대 이상으로 만족스러웠습니다.', NOW() - INTERVAL 16 DAY, NOW() - INTERVAL 16 DAY),
    (UUID_TO_BIN('6715efc6-33c4-4abc-a32c-8970112ebc3e'), UUID_TO_BIN('00000000-0000-0000-0000-000000000002'), UUID_TO_BIN('00000000-0000-0000-0000-000000000201'), UUID_TO_BIN('391e9b38-f163-4599-ba0d-b517d7a31914'), 2, '강사님의 열정이 느껴지는 수업이었어요.', NOW() - INTERVAL 17 DAY, NOW() - INTERVAL 17 DAY),
    (UUID_TO_BIN('b5c77d77-de5d-41c2-bb17-d10fb245f1e1'), UUID_TO_BIN('00000000-0000-0000-0000-000000000002'), UUID_TO_BIN('00000000-0000-0000-0000-000000000201'), UUID_TO_BIN('65ecdd65-ffd8-4984-98e9-0a97adeb348f'), 3, '처음 참여했는데 부담 없이 즐길 수 있었습니다.', NOW() - INTERVAL 18 DAY, NOW() - INTERVAL 18 DAY),
    (UUID_TO_BIN('26cbb4c5-ee43-43f5-bcf9-c65649a08a49'), UUID_TO_BIN('00000000-0000-0000-0000-000000000002'), UUID_TO_BIN('00000000-0000-0000-0000-000000000201'), UUID_TO_BIN('8f883b0b-238e-4c13-b303-4e7b79477e43'), 4, '친구에게도 추천했어요. 정말 좋았습니다.', NOW() - INTERVAL 19 DAY, NOW() - INTERVAL 19 DAY),
    (UUID_TO_BIN('e2c2e921-2c33-45a9-a082-be492c4c8558'), UUID_TO_BIN('00000000-0000-0000-0000-000000000002'), UUID_TO_BIN('00000000-0000-0000-0000-000000000201'), UUID_TO_BIN('3347f7b2-fb6c-4b50-96f9-02a671affe10'), 5, '가격 대비 퀄리티가 훌륭합니다.', NOW() - INTERVAL 20 DAY, NOW() - INTERVAL 20 DAY),
    (UUID_TO_BIN('7bbf535f-f565-4786-9f7c-10474e54ff4f'), UUID_TO_BIN('00000000-0000-0000-0000-000000000002'), UUID_TO_BIN('00000000-0000-0000-0000-000000000201'), UUID_TO_BIN('3a36e857-cc85-42b6-821e-85139647b563'), 1, '정말 좋은 수업이었습니다. 강사님이 친절하게 설명해주셨어요.', NOW() - INTERVAL 21 DAY, NOW() - INTERVAL 21 DAY),
    (UUID_TO_BIN('06568877-35ab-4829-aa8c-eebb18d8cd20'), UUID_TO_BIN('00000000-0000-0000-0000-000000000002'), UUID_TO_BIN('00000000-0000-0000-0000-000000000201'), UUID_TO_BIN('ca7aae44-c168-43eb-a708-403bdd11f08f'), 2, '초보자도 따라하기 쉬운 수업입니다. 강추합니다!', NOW() - INTERVAL 22 DAY, NOW() - INTERVAL 22 DAY),
    (UUID_TO_BIN('a5fa2b5a-1abe-429f-b13a-7cf9991d3aa1'), UUID_TO_BIN('00000000-0000-0000-0000-000000000002'), UUID_TO_BIN('00000000-0000-0000-0000-000000000201'), UUID_TO_BIN('d51818f3-f595-4225-bf9a-f4ef097a9524'), 3, '시설이 깔끔하고 수업 진행이 체계적이에요.', NOW() - INTERVAL 23 DAY, NOW() - INTERVAL 23 DAY),
    (UUID_TO_BIN('ada65ee9-938d-4fe4-bfc4-b6b7f5542bc1'), UUID_TO_BIN('00000000-0000-0000-0000-000000000002'), UUID_TO_BIN('00000000-0000-0000-0000-000000000201'), UUID_TO_BIN('d74747b8-b817-43ff-9093-ad4f455fa89e'), 4, '덕분에 운동에 재미를 붙이게 됐습니다. 감사해요.', NOW() - INTERVAL 24 DAY, NOW() - INTERVAL 24 DAY),
    (UUID_TO_BIN('e9f6f504-15af-4d97-a6d1-9bd378df23ef'), UUID_TO_BIN('00000000-0000-0000-0000-000000000002'), UUID_TO_BIN('00000000-0000-0000-0000-000000000201'), UUID_TO_BIN('c2a921cb-25ed-4158-a1c3-11231634623f'), 5, '다음에도 꼭 참여하고 싶은 수업이에요.', NOW() - INTERVAL 25 DAY, NOW() - INTERVAL 25 DAY),
    (UUID_TO_BIN('75e28ee3-fa2c-4e82-89a2-3863e8fc9456'), UUID_TO_BIN('00000000-0000-0000-0000-000000000002'), UUID_TO_BIN('00000000-0000-0000-0000-000000000201'), UUID_TO_BIN('2d20c7cb-1d5c-44ed-83af-f7194318da6a'), 1, '기대 이상으로 만족스러웠습니다.', NOW() - INTERVAL 26 DAY, NOW() - INTERVAL 26 DAY),
    (UUID_TO_BIN('c32a3ca7-1c52-4a05-b7ae-63b1630c2866'), UUID_TO_BIN('00000000-0000-0000-0000-000000000002'), UUID_TO_BIN('00000000-0000-0000-0000-000000000201'), UUID_TO_BIN('ec10cf9b-5926-4047-9715-88b98cfcd06f'), 2, '강사님의 열정이 느껴지는 수업이었어요.', NOW() - INTERVAL 27 DAY, NOW() - INTERVAL 27 DAY),
    (UUID_TO_BIN('8840bddf-f10d-4f6b-b9ca-2b0049ab1cca'), UUID_TO_BIN('00000000-0000-0000-0000-000000000002'), UUID_TO_BIN('00000000-0000-0000-0000-000000000201'), UUID_TO_BIN('b0097f96-ccab-40a5-b865-17424317c9b4'), 3, '처음 참여했는데 부담 없이 즐길 수 있었습니다.', NOW() - INTERVAL 28 DAY, NOW() - INTERVAL 28 DAY),
    (UUID_TO_BIN('f687c3dc-f4b6-428a-a9c6-e30182063730'), UUID_TO_BIN('00000000-0000-0000-0000-000000000002'), UUID_TO_BIN('00000000-0000-0000-0000-000000000201'), UUID_TO_BIN('0b35fd18-ec0e-4635-b00d-f9b675da2386'), 4, '친구에게도 추천했어요. 정말 좋았습니다.', NOW() - INTERVAL 29 DAY, NOW() - INTERVAL 29 DAY),
    (UUID_TO_BIN('69529564-2c62-49bc-849b-33a51fbf6537'), UUID_TO_BIN('00000000-0000-0000-0000-000000000002'), UUID_TO_BIN('00000000-0000-0000-0000-000000000201'), UUID_TO_BIN('21f4757d-866f-41f3-b0a7-192775a99a42'), 5, '가격 대비 퀄리티가 훌륭합니다.', NOW() - INTERVAL 30 DAY, NOW() - INTERVAL 30 DAY),
    (UUID_TO_BIN('667d5ab4-d4bd-48c7-a1c8-a5cac3b3f390'), UUID_TO_BIN('00000000-0000-0000-0000-000000000002'), UUID_TO_BIN('00000000-0000-0000-0000-000000000201'), UUID_TO_BIN('d710103a-ff20-4651-bd4b-11981fabf52b'), 1, '정말 좋은 수업이었습니다. 강사님이 친절하게 설명해주셨어요.', NOW() - INTERVAL 1 DAY, NOW() - INTERVAL 1 DAY),
    (UUID_TO_BIN('f18c74a1-507b-4313-8048-85c0fc66d398'), UUID_TO_BIN('00000000-0000-0000-0000-000000000002'), UUID_TO_BIN('00000000-0000-0000-0000-000000000201'), UUID_TO_BIN('11a05de6-f247-4e94-9b4b-ea7432c3f3a2'), 2, '초보자도 따라하기 쉬운 수업입니다. 강추합니다!', NOW() - INTERVAL 2 DAY, NOW() - INTERVAL 2 DAY),
    (UUID_TO_BIN('35e9c569-2b87-45c0-8d57-6372674e0371'), UUID_TO_BIN('00000000-0000-0000-0000-000000000002'), UUID_TO_BIN('00000000-0000-0000-0000-000000000201'), UUID_TO_BIN('a3c5a0f6-f715-47a9-a2ef-43930e1c909a'), 3, '시설이 깔끔하고 수업 진행이 체계적이에요.', NOW() - INTERVAL 3 DAY, NOW() - INTERVAL 3 DAY),
    (UUID_TO_BIN('ab48afeb-32fe-421d-a8a2-2bd6e1ce6868'), UUID_TO_BIN('00000000-0000-0000-0000-000000000002'), UUID_TO_BIN('00000000-0000-0000-0000-000000000201'), UUID_TO_BIN('22312fc2-a4b1-41ee-9f8a-76694a1d2ab8'), 4, '덕분에 운동에 재미를 붙이게 됐습니다. 감사해요.', NOW() - INTERVAL 4 DAY, NOW() - INTERVAL 4 DAY),
    (UUID_TO_BIN('46409737-3d0d-4f2a-bc18-e2402b8cbf0c'), UUID_TO_BIN('00000000-0000-0000-0000-000000000002'), UUID_TO_BIN('00000000-0000-0000-0000-000000000201'), UUID_TO_BIN('80be08b4-63c1-468d-b0e5-2e6f037db8f3'), 5, '다음에도 꼭 참여하고 싶은 수업이에요.', NOW() - INTERVAL 5 DAY, NOW() - INTERVAL 5 DAY),
    (UUID_TO_BIN('8826f497-183e-4db8-b17a-770bc7bc6740'), UUID_TO_BIN('00000000-0000-0000-0000-000000000002'), UUID_TO_BIN('00000000-0000-0000-0000-000000000201'), UUID_TO_BIN('e2d880ec-700d-48ea-adcf-84de14bb9b44'), 1, '기대 이상으로 만족스러웠습니다.', NOW() - INTERVAL 6 DAY, NOW() - INTERVAL 6 DAY),
    (UUID_TO_BIN('e17441a9-54a0-4cbf-a375-f8128fe720f8'), UUID_TO_BIN('00000000-0000-0000-0000-000000000002'), UUID_TO_BIN('00000000-0000-0000-0000-000000000201'), UUID_TO_BIN('b3a4770d-1ada-4333-9b24-a410572fbfd2'), 2, '강사님의 열정이 느껴지는 수업이었어요.', NOW() - INTERVAL 7 DAY, NOW() - INTERVAL 7 DAY),
    (UUID_TO_BIN('93138f86-71bc-4cb9-a33f-6a1edd2ffd7f'), UUID_TO_BIN('00000000-0000-0000-0000-000000000002'), UUID_TO_BIN('00000000-0000-0000-0000-000000000201'), UUID_TO_BIN('8bb41532-27d7-47e0-991a-a8d1d1e2abd7'), 3, '처음 참여했는데 부담 없이 즐길 수 있었습니다.', NOW() - INTERVAL 8 DAY, NOW() - INTERVAL 8 DAY),
    (UUID_TO_BIN('52534a9f-54c0-4fa4-adb1-730e06d3bc11'), UUID_TO_BIN('00000000-0000-0000-0000-000000000002'), UUID_TO_BIN('00000000-0000-0000-0000-000000000201'), UUID_TO_BIN('5f45ea2a-c5b1-4ee7-ae72-9282d26fa009'), 4, '친구에게도 추천했어요. 정말 좋았습니다.', NOW() - INTERVAL 9 DAY, NOW() - INTERVAL 9 DAY),
    (UUID_TO_BIN('819df911-db10-4e99-8c14-86a3136c0573'), UUID_TO_BIN('00000000-0000-0000-0000-000000000002'), UUID_TO_BIN('00000000-0000-0000-0000-000000000201'), UUID_TO_BIN('96516ce8-d681-4775-b83c-13f421846433'), 5, '가격 대비 퀄리티가 훌륭합니다.', NOW() - INTERVAL 10 DAY, NOW() - INTERVAL 10 DAY),
    (UUID_TO_BIN('88646b43-2aff-48b6-ba0f-2e645af9cadf'), UUID_TO_BIN('00000000-0000-0000-0000-000000000002'), UUID_TO_BIN('00000000-0000-0000-0000-000000000201'), UUID_TO_BIN('2db43c7c-c3f2-4853-8431-f57695e06c7b'), 1, '정말 좋은 수업이었습니다. 강사님이 친절하게 설명해주셨어요.', NOW() - INTERVAL 11 DAY, NOW() - INTERVAL 11 DAY),
    (UUID_TO_BIN('cef72489-e76b-47fb-bff3-6687140627c1'), UUID_TO_BIN('00000000-0000-0000-0000-000000000002'), UUID_TO_BIN('00000000-0000-0000-0000-000000000201'), UUID_TO_BIN('75d76b28-c063-49f1-9e98-1cbdce945aa1'), 2, '초보자도 따라하기 쉬운 수업입니다. 강추합니다!', NOW() - INTERVAL 12 DAY, NOW() - INTERVAL 12 DAY),
    (UUID_TO_BIN('ffb57425-400c-4f2f-b517-1281d8b38be3'), UUID_TO_BIN('00000000-0000-0000-0000-000000000002'), UUID_TO_BIN('00000000-0000-0000-0000-000000000201'), UUID_TO_BIN('8350453f-dddf-4487-ba92-cddc70489560'), 3, '시설이 깔끔하고 수업 진행이 체계적이에요.', NOW() - INTERVAL 13 DAY, NOW() - INTERVAL 13 DAY),
    (UUID_TO_BIN('2167f211-1a68-454d-87ee-78ba9d8cbc0e'), UUID_TO_BIN('00000000-0000-0000-0000-000000000002'), UUID_TO_BIN('00000000-0000-0000-0000-000000000201'), UUID_TO_BIN('18fdea53-6820-4445-a283-8eee995eec6e'), 4, '덕분에 운동에 재미를 붙이게 됐습니다. 감사해요.', NOW() - INTERVAL 14 DAY, NOW() - INTERVAL 14 DAY),
    (UUID_TO_BIN('bdbee9c7-1427-46a5-adb7-5696c2c389f3'), UUID_TO_BIN('00000000-0000-0000-0000-000000000002'), UUID_TO_BIN('00000000-0000-0000-0000-000000000201'), UUID_TO_BIN('0d1065f4-9a59-428a-ad17-5a77eb66ed2d'), 5, '다음에도 꼭 참여하고 싶은 수업이에요.', NOW() - INTERVAL 15 DAY, NOW() - INTERVAL 15 DAY),
    (UUID_TO_BIN('598f01d1-629d-4308-8512-b95358171990'), UUID_TO_BIN('00000000-0000-0000-0000-000000000002'), UUID_TO_BIN('00000000-0000-0000-0000-000000000201'), UUID_TO_BIN('365e3f56-c25a-4241-8835-36176506d7c7'), 1, '기대 이상으로 만족스러웠습니다.', NOW() - INTERVAL 16 DAY, NOW() - INTERVAL 16 DAY),
    (UUID_TO_BIN('82a7c4a7-53c4-4390-93d4-6c714300d41f'), UUID_TO_BIN('00000000-0000-0000-0000-000000000002'), UUID_TO_BIN('00000000-0000-0000-0000-000000000201'), UUID_TO_BIN('15ac4e0b-e8ad-4f11-9071-ab7fb3fe7c19'), 2, '강사님의 열정이 느껴지는 수업이었어요.', NOW() - INTERVAL 17 DAY, NOW() - INTERVAL 17 DAY),
    (UUID_TO_BIN('d2ef50f3-ef17-4a90-8fa1-25c3a7fe400e'), UUID_TO_BIN('00000000-0000-0000-0000-000000000002'), UUID_TO_BIN('00000000-0000-0000-0000-000000000201'), UUID_TO_BIN('e14cea08-b2db-482f-8b51-71438158f8b0'), 3, '처음 참여했는데 부담 없이 즐길 수 있었습니다.', NOW() - INTERVAL 18 DAY, NOW() - INTERVAL 18 DAY),
    (UUID_TO_BIN('61eab3b6-5034-49a7-be50-da081e29fed6'), UUID_TO_BIN('00000000-0000-0000-0000-000000000002'), UUID_TO_BIN('00000000-0000-0000-0000-000000000201'), UUID_TO_BIN('ccab2a0a-4bc5-4bd8-b065-671aa9b33c22'), 4, '친구에게도 추천했어요. 정말 좋았습니다.', NOW() - INTERVAL 19 DAY, NOW() - INTERVAL 19 DAY),
    (UUID_TO_BIN('a9ff14e4-91c7-41aa-9192-8e2f476289b7'), UUID_TO_BIN('00000000-0000-0000-0000-000000000002'), UUID_TO_BIN('00000000-0000-0000-0000-000000000201'), UUID_TO_BIN('3a096abb-eeec-430b-8ffa-b6041196da01'), 5, '가격 대비 퀄리티가 훌륭합니다.', NOW() - INTERVAL 20 DAY, NOW() - INTERVAL 20 DAY),
    (UUID_TO_BIN('28f72cb6-ae9d-4567-90cf-4e024f65b4c4'), UUID_TO_BIN('00000000-0000-0000-0000-000000000002'), UUID_TO_BIN('00000000-0000-0000-0000-000000000201'), UUID_TO_BIN('e2c357cf-7c78-49ca-9587-61e68caf00a3'), 1, '정말 좋은 수업이었습니다. 강사님이 친절하게 설명해주셨어요.', NOW() - INTERVAL 21 DAY, NOW() - INTERVAL 21 DAY),
    (UUID_TO_BIN('71fde817-a0e3-4e23-8ca3-faaa075f7248'), UUID_TO_BIN('00000000-0000-0000-0000-000000000002'), UUID_TO_BIN('00000000-0000-0000-0000-000000000201'), UUID_TO_BIN('e5c3c429-91ac-4e14-b830-9d68b2e54f31'), 2, '초보자도 따라하기 쉬운 수업입니다. 강추합니다!', NOW() - INTERVAL 22 DAY, NOW() - INTERVAL 22 DAY),
    (UUID_TO_BIN('ea39daf9-e1a1-4efa-8735-e98758423519'), UUID_TO_BIN('00000000-0000-0000-0000-000000000002'), UUID_TO_BIN('00000000-0000-0000-0000-000000000201'), UUID_TO_BIN('049e16a1-9cb4-4b88-9e27-f094affafe24'), 3, '시설이 깔끔하고 수업 진행이 체계적이에요.', NOW() - INTERVAL 23 DAY, NOW() - INTERVAL 23 DAY),
    (UUID_TO_BIN('a63741c6-68ee-457f-af6b-53d8133e4d07'), UUID_TO_BIN('00000000-0000-0000-0000-000000000002'), UUID_TO_BIN('00000000-0000-0000-0000-000000000201'), UUID_TO_BIN('2942fa65-1605-40b8-b5ea-05ff5f63b9e4'), 4, '덕분에 운동에 재미를 붙이게 됐습니다. 감사해요.', NOW() - INTERVAL 24 DAY, NOW() - INTERVAL 24 DAY),
    (UUID_TO_BIN('af4934b6-6f04-47a5-89e6-358b44839248'), UUID_TO_BIN('00000000-0000-0000-0000-000000000002'), UUID_TO_BIN('00000000-0000-0000-0000-000000000201'), UUID_TO_BIN('0045d2b6-ed9f-4a08-8e12-fd141800487f'), 5, '다음에도 꼭 참여하고 싶은 수업이에요.', NOW() - INTERVAL 25 DAY, NOW() - INTERVAL 25 DAY),
    (UUID_TO_BIN('ceada9a6-d864-474d-862d-e74170615897'), UUID_TO_BIN('00000000-0000-0000-0000-000000000002'), UUID_TO_BIN('00000000-0000-0000-0000-000000000201'), UUID_TO_BIN('55f7b61f-2cbe-470d-89a4-afaa673fa2e3'), 1, '기대 이상으로 만족스러웠습니다.', NOW() - INTERVAL 26 DAY, NOW() - INTERVAL 26 DAY),
    (UUID_TO_BIN('9c7e3e0d-13ba-49b2-8e57-f08cc92d8cfe'), UUID_TO_BIN('00000000-0000-0000-0000-000000000002'), UUID_TO_BIN('00000000-0000-0000-0000-000000000201'), UUID_TO_BIN('58997eaf-e747-4330-97a6-461125946b21'), 2, '강사님의 열정이 느껴지는 수업이었어요.', NOW() - INTERVAL 27 DAY, NOW() - INTERVAL 27 DAY),
    (UUID_TO_BIN('f96f2f43-7617-4a8a-b449-195e981dfd9c'), UUID_TO_BIN('00000000-0000-0000-0000-000000000002'), UUID_TO_BIN('00000000-0000-0000-0000-000000000201'), UUID_TO_BIN('b1144699-ffd4-4a59-9e28-d336905d9a69'), 3, '처음 참여했는데 부담 없이 즐길 수 있었습니다.', NOW() - INTERVAL 28 DAY, NOW() - INTERVAL 28 DAY),
    (UUID_TO_BIN('3cf420f0-9dd3-46ba-95bf-edca42648acc'), UUID_TO_BIN('00000000-0000-0000-0000-000000000002'), UUID_TO_BIN('00000000-0000-0000-0000-000000000201'), UUID_TO_BIN('142a271c-c648-44ce-aa07-9dfe85293954'), 4, '친구에게도 추천했어요. 정말 좋았습니다.', NOW() - INTERVAL 29 DAY, NOW() - INTERVAL 29 DAY),
    (UUID_TO_BIN('39f748b6-9094-4113-80fd-fe3d41646347'), UUID_TO_BIN('00000000-0000-0000-0000-000000000002'), UUID_TO_BIN('00000000-0000-0000-0000-000000000201'), UUID_TO_BIN('1f672a41-76b7-4b58-929b-0acba3a8c4f7'), 5, '가격 대비 퀄리티가 훌륭합니다.', NOW() - INTERVAL 30 DAY, NOW() - INTERVAL 30 DAY),
    (UUID_TO_BIN('5390827b-793c-4458-a5ad-fa04af2500d0'), UUID_TO_BIN('00000000-0000-0000-0000-000000000002'), UUID_TO_BIN('00000000-0000-0000-0000-000000000201'), UUID_TO_BIN('04d785d9-d8bb-46c0-b986-9fbf8dc39069'), 1, '정말 좋은 수업이었습니다. 강사님이 친절하게 설명해주셨어요.', NOW() - INTERVAL 1 DAY, NOW() - INTERVAL 1 DAY),
    (UUID_TO_BIN('a8f04160-d4f5-4fec-bc2f-c0590b4cd283'), UUID_TO_BIN('00000000-0000-0000-0000-000000000002'), UUID_TO_BIN('00000000-0000-0000-0000-000000000201'), UUID_TO_BIN('5cf558cd-7020-4446-ace5-4e93562443d8'), 2, '초보자도 따라하기 쉬운 수업입니다. 강추합니다!', NOW() - INTERVAL 2 DAY, NOW() - INTERVAL 2 DAY),
    (UUID_TO_BIN('69483c05-3f39-4e78-b05a-b9c324deca93'), UUID_TO_BIN('00000000-0000-0000-0000-000000000002'), UUID_TO_BIN('00000000-0000-0000-0000-000000000201'), UUID_TO_BIN('bb15b847-7ff7-4a43-9312-3b926b239354'), 3, '시설이 깔끔하고 수업 진행이 체계적이에요.', NOW() - INTERVAL 3 DAY, NOW() - INTERVAL 3 DAY),
    (UUID_TO_BIN('2ed98712-36d2-4a0b-82c9-ec793c7831f8'), UUID_TO_BIN('00000000-0000-0000-0000-000000000002'), UUID_TO_BIN('00000000-0000-0000-0000-000000000201'), UUID_TO_BIN('92f695a7-feda-4cf7-806f-2b2e344d807e'), 4, '덕분에 운동에 재미를 붙이게 됐습니다. 감사해요.', NOW() - INTERVAL 4 DAY, NOW() - INTERVAL 4 DAY),
    (UUID_TO_BIN('5b3019ba-8c85-44ec-955b-9799faa01b8b'), UUID_TO_BIN('00000000-0000-0000-0000-000000000002'), UUID_TO_BIN('00000000-0000-0000-0000-000000000201'), UUID_TO_BIN('2e426c13-4d37-4b58-b230-4dacfc923a16'), 5, '다음에도 꼭 참여하고 싶은 수업이에요.', NOW() - INTERVAL 5 DAY, NOW() - INTERVAL 5 DAY),
    (UUID_TO_BIN('1bf9a098-5a8e-498e-9dd7-5e1a4351e929'), UUID_TO_BIN('00000000-0000-0000-0000-000000000002'), UUID_TO_BIN('00000000-0000-0000-0000-000000000201'), UUID_TO_BIN('a171eacd-c0dd-4e02-9005-7371ad26ccf5'), 1, '기대 이상으로 만족스러웠습니다.', NOW() - INTERVAL 6 DAY, NOW() - INTERVAL 6 DAY),
    (UUID_TO_BIN('1a22113c-4b5a-458b-b2be-e129f29b1a9a'), UUID_TO_BIN('00000000-0000-0000-0000-000000000002'), UUID_TO_BIN('00000000-0000-0000-0000-000000000201'), UUID_TO_BIN('a65f140f-42a7-4b1d-ae18-f0a02f8f01de'), 2, '강사님의 열정이 느껴지는 수업이었어요.', NOW() - INTERVAL 7 DAY, NOW() - INTERVAL 7 DAY),
    (UUID_TO_BIN('2384c972-977a-4068-960d-03c4c1d0882d'), UUID_TO_BIN('00000000-0000-0000-0000-000000000002'), UUID_TO_BIN('00000000-0000-0000-0000-000000000201'), UUID_TO_BIN('648a9f06-ad5d-4111-8594-8fbb9cd66088'), 3, '처음 참여했는데 부담 없이 즐길 수 있었습니다.', NOW() - INTERVAL 8 DAY, NOW() - INTERVAL 8 DAY),
    (UUID_TO_BIN('8c3cca9f-3d03-45d8-a6bb-20d581f60f78'), UUID_TO_BIN('00000000-0000-0000-0000-000000000002'), UUID_TO_BIN('00000000-0000-0000-0000-000000000201'), UUID_TO_BIN('fb0b013b-1c5f-42e1-8faf-28ea7604fb0c'), 4, '친구에게도 추천했어요. 정말 좋았습니다.', NOW() - INTERVAL 9 DAY, NOW() - INTERVAL 9 DAY),
    (UUID_TO_BIN('beeb0156-01b7-4c7e-8966-078fb050848e'), UUID_TO_BIN('00000000-0000-0000-0000-000000000002'), UUID_TO_BIN('00000000-0000-0000-0000-000000000201'), UUID_TO_BIN('2c45fd7a-de30-44e7-ab29-36eeaefab6b9'), 5, '가격 대비 퀄리티가 훌륭합니다.', NOW() - INTERVAL 10 DAY, NOW() - INTERVAL 10 DAY),
    (UUID_TO_BIN('814894ac-1da4-4178-8b1d-90fadaae517e'), UUID_TO_BIN('00000000-0000-0000-0000-000000000002'), UUID_TO_BIN('00000000-0000-0000-0000-000000000201'), UUID_TO_BIN('54285442-c092-4fd2-ba62-13326a35aff4'), 1, '정말 좋은 수업이었습니다. 강사님이 친절하게 설명해주셨어요.', NOW() - INTERVAL 11 DAY, NOW() - INTERVAL 11 DAY),
    (UUID_TO_BIN('a2dda8d8-08bd-4d31-a870-6c4ea38068fd'), UUID_TO_BIN('00000000-0000-0000-0000-000000000002'), UUID_TO_BIN('00000000-0000-0000-0000-000000000201'), UUID_TO_BIN('e5e0c9b8-a64d-4d3d-909c-be35a75fc5c1'), 2, '초보자도 따라하기 쉬운 수업입니다. 강추합니다!', NOW() - INTERVAL 12 DAY, NOW() - INTERVAL 12 DAY),
    (UUID_TO_BIN('cad84813-9735-40c7-9b4d-b0e58fa67205'), UUID_TO_BIN('00000000-0000-0000-0000-000000000002'), UUID_TO_BIN('00000000-0000-0000-0000-000000000201'), UUID_TO_BIN('fc033840-1395-4d02-afb0-53af30896702'), 3, '시설이 깔끔하고 수업 진행이 체계적이에요.', NOW() - INTERVAL 13 DAY, NOW() - INTERVAL 13 DAY),
    (UUID_TO_BIN('c65f29c2-5ac6-4c57-b294-51ad4b030245'), UUID_TO_BIN('00000000-0000-0000-0000-000000000002'), UUID_TO_BIN('00000000-0000-0000-0000-000000000201'), UUID_TO_BIN('c580652b-51aa-4ee4-b143-144a8d1bdb41'), 4, '덕분에 운동에 재미를 붙이게 됐습니다. 감사해요.', NOW() - INTERVAL 14 DAY, NOW() - INTERVAL 14 DAY),
    (UUID_TO_BIN('4bfa56e6-924b-462c-8110-d2f2d20e799f'), UUID_TO_BIN('00000000-0000-0000-0000-000000000002'), UUID_TO_BIN('00000000-0000-0000-0000-000000000201'), UUID_TO_BIN('28ff7374-bfac-4c70-b866-077fb9b8defd'), 5, '다음에도 꼭 참여하고 싶은 수업이에요.', NOW() - INTERVAL 15 DAY, NOW() - INTERVAL 15 DAY),
    (UUID_TO_BIN('418c76f8-6838-4ea2-9314-385e979d25a7'), UUID_TO_BIN('00000000-0000-0000-0000-000000000002'), UUID_TO_BIN('00000000-0000-0000-0000-000000000201'), UUID_TO_BIN('f9e3d1cf-6ede-43a0-a4c1-3f335625859f'), 1, '기대 이상으로 만족스러웠습니다.', NOW() - INTERVAL 16 DAY, NOW() - INTERVAL 16 DAY),
    (UUID_TO_BIN('3d96aef2-6d0d-4115-84e5-342f7548218b'), UUID_TO_BIN('00000000-0000-0000-0000-000000000002'), UUID_TO_BIN('00000000-0000-0000-0000-000000000201'), UUID_TO_BIN('b4372770-a4c7-49d9-8eb9-511bd8fefab3'), 2, '강사님의 열정이 느껴지는 수업이었어요.', NOW() - INTERVAL 17 DAY, NOW() - INTERVAL 17 DAY),
    (UUID_TO_BIN('1a3946aa-3c79-4804-87ed-ce23ebddc0ba'), UUID_TO_BIN('00000000-0000-0000-0000-000000000002'), UUID_TO_BIN('00000000-0000-0000-0000-000000000201'), UUID_TO_BIN('2361dd2c-f9f1-485d-9f3e-9ec849c5d916'), 3, '처음 참여했는데 부담 없이 즐길 수 있었습니다.', NOW() - INTERVAL 18 DAY, NOW() - INTERVAL 18 DAY),
    (UUID_TO_BIN('31846c60-f62a-4788-bc56-03dbbb44fc12'), UUID_TO_BIN('00000000-0000-0000-0000-000000000002'), UUID_TO_BIN('00000000-0000-0000-0000-000000000201'), UUID_TO_BIN('56213a80-3fae-4f83-99b0-2e8e694798cf'), 4, '친구에게도 추천했어요. 정말 좋았습니다.', NOW() - INTERVAL 19 DAY, NOW() - INTERVAL 19 DAY),
    (UUID_TO_BIN('69b98665-a084-463d-91ec-89d2ee2b0909'), UUID_TO_BIN('00000000-0000-0000-0000-000000000002'), UUID_TO_BIN('00000000-0000-0000-0000-000000000201'), UUID_TO_BIN('f7206099-0220-4ca8-8ef0-9a331b6f6c58'), 5, '가격 대비 퀄리티가 훌륭합니다.', NOW() - INTERVAL 20 DAY, NOW() - INTERVAL 20 DAY),
    (UUID_TO_BIN('39b8bcdf-be7a-4901-850c-85675d79469f'), UUID_TO_BIN('00000000-0000-0000-0000-000000000002'), UUID_TO_BIN('00000000-0000-0000-0000-000000000201'), UUID_TO_BIN('4457abd9-680f-40dc-8d79-afd0c04db7fb'), 1, '정말 좋은 수업이었습니다. 강사님이 친절하게 설명해주셨어요.', NOW() - INTERVAL 21 DAY, NOW() - INTERVAL 21 DAY),
    (UUID_TO_BIN('fc609ab1-eb20-4221-9447-9b6c82c438d2'), UUID_TO_BIN('00000000-0000-0000-0000-000000000002'), UUID_TO_BIN('00000000-0000-0000-0000-000000000201'), UUID_TO_BIN('dbf55d36-8afc-4675-8902-3792b5d71fa1'), 2, '초보자도 따라하기 쉬운 수업입니다. 강추합니다!', NOW() - INTERVAL 22 DAY, NOW() - INTERVAL 22 DAY),
    (UUID_TO_BIN('40190c63-5d63-40a4-a31a-8b1e284d0b76'), UUID_TO_BIN('00000000-0000-0000-0000-000000000002'), UUID_TO_BIN('00000000-0000-0000-0000-000000000201'), UUID_TO_BIN('37b29f53-59f1-4a31-b47c-7c9b513bc49c'), 3, '시설이 깔끔하고 수업 진행이 체계적이에요.', NOW() - INTERVAL 23 DAY, NOW() - INTERVAL 23 DAY),
    (UUID_TO_BIN('1a52f25c-6f17-4726-9be1-8bef1b1662d7'), UUID_TO_BIN('00000000-0000-0000-0000-000000000002'), UUID_TO_BIN('00000000-0000-0000-0000-000000000201'), UUID_TO_BIN('cf41782d-5d37-4cc9-be08-73f742dfe643'), 4, '덕분에 운동에 재미를 붙이게 됐습니다. 감사해요.', NOW() - INTERVAL 24 DAY, NOW() - INTERVAL 24 DAY),
    (UUID_TO_BIN('2dd38b20-b3b4-4a61-a781-b83c2143dcee'), UUID_TO_BIN('00000000-0000-0000-0000-000000000002'), UUID_TO_BIN('00000000-0000-0000-0000-000000000201'), UUID_TO_BIN('1c54e902-931f-412c-90c7-89f957b1c912'), 5, '다음에도 꼭 참여하고 싶은 수업이에요.', NOW() - INTERVAL 25 DAY, NOW() - INTERVAL 25 DAY),
    (UUID_TO_BIN('3c747562-0db9-4524-bf0e-9d9c583da371'), UUID_TO_BIN('00000000-0000-0000-0000-000000000002'), UUID_TO_BIN('00000000-0000-0000-0000-000000000201'), UUID_TO_BIN('8e981313-3a63-4da2-8fb6-fd0600d7e3b9'), 1, '기대 이상으로 만족스러웠습니다.', NOW() - INTERVAL 26 DAY, NOW() - INTERVAL 26 DAY),
    (UUID_TO_BIN('d19b72fe-6b74-459d-a687-7fa380242b5f'), UUID_TO_BIN('00000000-0000-0000-0000-000000000002'), UUID_TO_BIN('00000000-0000-0000-0000-000000000201'), UUID_TO_BIN('7a6a263b-e075-4500-920b-4ef2141c281a'), 2, '강사님의 열정이 느껴지는 수업이었어요.', NOW() - INTERVAL 27 DAY, NOW() - INTERVAL 27 DAY),
    (UUID_TO_BIN('0451a778-4122-4ec2-a99d-35ea92f367e3'), UUID_TO_BIN('00000000-0000-0000-0000-000000000002'), UUID_TO_BIN('00000000-0000-0000-0000-000000000201'), UUID_TO_BIN('2154e0a4-e901-4f47-be94-a6b29be1b0db'), 3, '처음 참여했는데 부담 없이 즐길 수 있었습니다.', NOW() - INTERVAL 28 DAY, NOW() - INTERVAL 28 DAY),
    (UUID_TO_BIN('e7d17502-bd53-4e04-ae6b-1aa02438fc96'), UUID_TO_BIN('00000000-0000-0000-0000-000000000002'), UUID_TO_BIN('00000000-0000-0000-0000-000000000201'), UUID_TO_BIN('872a0e4e-c9e6-4e0f-8c78-09fcdb5008ea'), 4, '친구에게도 추천했어요. 정말 좋았습니다.', NOW() - INTERVAL 29 DAY, NOW() - INTERVAL 29 DAY),
    (UUID_TO_BIN('2c6332f1-5585-4141-b152-6c6fd7664dcc'), UUID_TO_BIN('00000000-0000-0000-0000-000000000002'), UUID_TO_BIN('00000000-0000-0000-0000-000000000201'), UUID_TO_BIN('549eac3a-fb60-419e-bc33-d701f18609ba'), 5, '가격 대비 퀄리티가 훌륭합니다.', NOW() - INTERVAL 30 DAY, NOW() - INTERVAL 30 DAY),
    (UUID_TO_BIN('142b82fa-4a98-4ae8-9ee8-5fcbf55ab213'), UUID_TO_BIN('00000000-0000-0000-0000-000000000002'), UUID_TO_BIN('00000000-0000-0000-0000-000000000201'), UUID_TO_BIN('1123350a-8700-4ab3-a301-a1f84eccc10f'), 1, '정말 좋은 수업이었습니다. 강사님이 친절하게 설명해주셨어요.', NOW() - INTERVAL 1 DAY, NOW() - INTERVAL 1 DAY),
    (UUID_TO_BIN('981bb8c1-2a16-4b9d-a30f-995066310052'), UUID_TO_BIN('00000000-0000-0000-0000-000000000002'), UUID_TO_BIN('00000000-0000-0000-0000-000000000201'), UUID_TO_BIN('178ffd20-424b-481c-ba6e-47a1be57c9e8'), 2, '초보자도 따라하기 쉬운 수업입니다. 강추합니다!', NOW() - INTERVAL 2 DAY, NOW() - INTERVAL 2 DAY),
    (UUID_TO_BIN('0b2ae0f3-f194-4752-adb1-dbfceb4cafc2'), UUID_TO_BIN('00000000-0000-0000-0000-000000000002'), UUID_TO_BIN('00000000-0000-0000-0000-000000000201'), UUID_TO_BIN('d9785b0d-929b-49d2-a7f8-f1f39261b486'), 3, '시설이 깔끔하고 수업 진행이 체계적이에요.', NOW() - INTERVAL 3 DAY, NOW() - INTERVAL 3 DAY),
    (UUID_TO_BIN('7461aca2-d2d6-4ebc-be7d-20f9ea81b442'), UUID_TO_BIN('00000000-0000-0000-0000-000000000002'), UUID_TO_BIN('00000000-0000-0000-0000-000000000201'), UUID_TO_BIN('1128bea8-334f-4cc9-b763-a5c82d6ed667'), 4, '덕분에 운동에 재미를 붙이게 됐습니다. 감사해요.', NOW() - INTERVAL 4 DAY, NOW() - INTERVAL 4 DAY),
    (UUID_TO_BIN('a0ce19c8-6e4b-433f-b422-e8a0beb0d86b'), UUID_TO_BIN('00000000-0000-0000-0000-000000000002'), UUID_TO_BIN('00000000-0000-0000-0000-000000000201'), UUID_TO_BIN('a09d758d-40b6-4334-972e-35cb24cff50c'), 5, '다음에도 꼭 참여하고 싶은 수업이에요.', NOW() - INTERVAL 5 DAY, NOW() - INTERVAL 5 DAY),
    (UUID_TO_BIN('d3dca831-e540-40ba-9182-cd8cbb3afd39'), UUID_TO_BIN('00000000-0000-0000-0000-000000000002'), UUID_TO_BIN('00000000-0000-0000-0000-000000000201'), UUID_TO_BIN('3c2747e0-d086-4c75-b658-124900609674'), 1, '기대 이상으로 만족스러웠습니다.', NOW() - INTERVAL 6 DAY, NOW() - INTERVAL 6 DAY),
    (UUID_TO_BIN('58c706f5-f1e7-45b5-a63b-4f41c33b6db9'), UUID_TO_BIN('00000000-0000-0000-0000-000000000002'), UUID_TO_BIN('00000000-0000-0000-0000-000000000201'), UUID_TO_BIN('32652a25-f8b6-42ee-beae-e69d03a23c5d'), 2, '강사님의 열정이 느껴지는 수업이었어요.', NOW() - INTERVAL 7 DAY, NOW() - INTERVAL 7 DAY),
    (UUID_TO_BIN('b6c27372-e6eb-4eec-a349-986bcda263a6'), UUID_TO_BIN('00000000-0000-0000-0000-000000000002'), UUID_TO_BIN('00000000-0000-0000-0000-000000000201'), UUID_TO_BIN('0087c56d-c58c-498f-a670-9217714e8465'), 3, '처음 참여했는데 부담 없이 즐길 수 있었습니다.', NOW() - INTERVAL 8 DAY, NOW() - INTERVAL 8 DAY),
    (UUID_TO_BIN('6f0503fc-7438-4af3-94b2-9e998fb49d45'), UUID_TO_BIN('00000000-0000-0000-0000-000000000002'), UUID_TO_BIN('00000000-0000-0000-0000-000000000201'), UUID_TO_BIN('e65f5f1c-6ffa-4098-8aee-3129be021e43'), 4, '친구에게도 추천했어요. 정말 좋았습니다.', NOW() - INTERVAL 9 DAY, NOW() - INTERVAL 9 DAY),
    (UUID_TO_BIN('d957adf6-ab34-4378-85f7-b0b8a25456bb'), UUID_TO_BIN('00000000-0000-0000-0000-000000000002'), UUID_TO_BIN('00000000-0000-0000-0000-000000000201'), UUID_TO_BIN('1c6b4cb2-2f6b-4c58-892c-6c5c372df2b7'), 5, '가격 대비 퀄리티가 훌륭합니다.', NOW() - INTERVAL 10 DAY, NOW() - INTERVAL 10 DAY),
    (UUID_TO_BIN('d8bab814-44ae-45b1-9f68-a2081f20fdd1'), UUID_TO_BIN('00000000-0000-0000-0000-000000000002'), UUID_TO_BIN('00000000-0000-0000-0000-000000000201'), UUID_TO_BIN('b799c7ec-d40f-4053-bbf5-6d1171e8196e'), 1, '정말 좋은 수업이었습니다. 강사님이 친절하게 설명해주셨어요.', NOW() - INTERVAL 11 DAY, NOW() - INTERVAL 11 DAY),
    (UUID_TO_BIN('f4b54c81-cc73-4d76-8d8d-d7988c810713'), UUID_TO_BIN('00000000-0000-0000-0000-000000000002'), UUID_TO_BIN('00000000-0000-0000-0000-000000000201'), UUID_TO_BIN('9e85c20d-8d44-4a32-b2fb-5d0a4227014a'), 2, '초보자도 따라하기 쉬운 수업입니다. 강추합니다!', NOW() - INTERVAL 12 DAY, NOW() - INTERVAL 12 DAY),
    (UUID_TO_BIN('4f346d4e-0da9-478a-97db-42dfeaa24b24'), UUID_TO_BIN('00000000-0000-0000-0000-000000000002'), UUID_TO_BIN('00000000-0000-0000-0000-000000000201'), UUID_TO_BIN('a7dd95cd-1b36-4673-ae2f-c33deb405176'), 3, '시설이 깔끔하고 수업 진행이 체계적이에요.', NOW() - INTERVAL 13 DAY, NOW() - INTERVAL 13 DAY),
    (UUID_TO_BIN('350643e6-5841-49df-9b6f-36c812f1fec9'), UUID_TO_BIN('00000000-0000-0000-0000-000000000002'), UUID_TO_BIN('00000000-0000-0000-0000-000000000201'), UUID_TO_BIN('c356eab5-6b7a-49ae-80d7-eb70a1e69ab4'), 4, '덕분에 운동에 재미를 붙이게 됐습니다. 감사해요.', NOW() - INTERVAL 14 DAY, NOW() - INTERVAL 14 DAY),
    (UUID_TO_BIN('c20e0bf5-72b5-4229-ba53-7a9cbd83403e'), UUID_TO_BIN('00000000-0000-0000-0000-000000000002'), UUID_TO_BIN('00000000-0000-0000-0000-000000000201'), UUID_TO_BIN('810389d1-31ad-4346-882b-525cbe8217c0'), 5, '다음에도 꼭 참여하고 싶은 수업이에요.', NOW() - INTERVAL 15 DAY, NOW() - INTERVAL 15 DAY),
    (UUID_TO_BIN('ace1c185-776b-4a94-9585-aa31cc08f6f1'), UUID_TO_BIN('00000000-0000-0000-0000-000000000002'), UUID_TO_BIN('00000000-0000-0000-0000-000000000201'), UUID_TO_BIN('84458db8-f63f-40c2-b067-3bdd8ef17338'), 1, '기대 이상으로 만족스러웠습니다.', NOW() - INTERVAL 16 DAY, NOW() - INTERVAL 16 DAY),
    (UUID_TO_BIN('2e0779c2-af48-4d97-ad2f-c6d9d02715ff'), UUID_TO_BIN('00000000-0000-0000-0000-000000000002'), UUID_TO_BIN('00000000-0000-0000-0000-000000000201'), UUID_TO_BIN('562d807d-431c-4914-8ad5-cfbce8bd0663'), 2, '강사님의 열정이 느껴지는 수업이었어요.', NOW() - INTERVAL 17 DAY, NOW() - INTERVAL 17 DAY),
    (UUID_TO_BIN('d0f649b0-731b-46dc-9f0e-7760b65060f8'), UUID_TO_BIN('00000000-0000-0000-0000-000000000002'), UUID_TO_BIN('00000000-0000-0000-0000-000000000201'), UUID_TO_BIN('09e819f0-026f-4ecc-9ac1-ca7f58b429e2'), 3, '처음 참여했는데 부담 없이 즐길 수 있었습니다.', NOW() - INTERVAL 18 DAY, NOW() - INTERVAL 18 DAY),
    (UUID_TO_BIN('885d4c74-ae53-44fb-aadb-f88c96d0ee78'), UUID_TO_BIN('00000000-0000-0000-0000-000000000002'), UUID_TO_BIN('00000000-0000-0000-0000-000000000201'), UUID_TO_BIN('ff84cd29-6f61-47c2-95fb-8dbe0c425bb2'), 4, '친구에게도 추천했어요. 정말 좋았습니다.', NOW() - INTERVAL 19 DAY, NOW() - INTERVAL 19 DAY),
    (UUID_TO_BIN('06b1536c-8392-4beb-9948-aaa7b6e67ec4'), UUID_TO_BIN('00000000-0000-0000-0000-000000000002'), UUID_TO_BIN('00000000-0000-0000-0000-000000000201'), UUID_TO_BIN('057d760a-f024-46b0-93bb-779ac262b453'), 5, '가격 대비 퀄리티가 훌륭합니다.', NOW() - INTERVAL 20 DAY, NOW() - INTERVAL 20 DAY),
    (UUID_TO_BIN('c885ec9c-bc75-4cde-b3c6-513d76fe6ad1'), UUID_TO_BIN('00000000-0000-0000-0000-000000000002'), UUID_TO_BIN('00000000-0000-0000-0000-000000000201'), UUID_TO_BIN('89da2d81-2953-474b-a6a4-56f0450ac775'), 1, '정말 좋은 수업이었습니다. 강사님이 친절하게 설명해주셨어요.', NOW() - INTERVAL 21 DAY, NOW() - INTERVAL 21 DAY),
    (UUID_TO_BIN('5ff4f46c-5e5e-4eac-95fc-02c060d49764'), UUID_TO_BIN('00000000-0000-0000-0000-000000000002'), UUID_TO_BIN('00000000-0000-0000-0000-000000000201'), UUID_TO_BIN('d39078ae-aacf-4858-a070-76fe71f95c92'), 2, '초보자도 따라하기 쉬운 수업입니다. 강추합니다!', NOW() - INTERVAL 22 DAY, NOW() - INTERVAL 22 DAY),
    (UUID_TO_BIN('6ae8a053-55d5-413b-bac6-1db44a2e9d95'), UUID_TO_BIN('00000000-0000-0000-0000-000000000002'), UUID_TO_BIN('00000000-0000-0000-0000-000000000201'), UUID_TO_BIN('9b363631-e63f-4c36-92b2-0af70566a7a2'), 3, '시설이 깔끔하고 수업 진행이 체계적이에요.', NOW() - INTERVAL 23 DAY, NOW() - INTERVAL 23 DAY),
    (UUID_TO_BIN('1c8c8542-d72f-4adf-ad41-ce950c3855b9'), UUID_TO_BIN('00000000-0000-0000-0000-000000000002'), UUID_TO_BIN('00000000-0000-0000-0000-000000000201'), UUID_TO_BIN('18c16ef5-1be8-426c-821b-f2adef06b7f9'), 4, '덕분에 운동에 재미를 붙이게 됐습니다. 감사해요.', NOW() - INTERVAL 24 DAY, NOW() - INTERVAL 24 DAY),
    (UUID_TO_BIN('0a379f15-99d4-41dc-8a6c-731f8bd20170'), UUID_TO_BIN('00000000-0000-0000-0000-000000000002'), UUID_TO_BIN('00000000-0000-0000-0000-000000000201'), UUID_TO_BIN('34f9909f-73cc-4a32-b253-aedf751af703'), 5, '다음에도 꼭 참여하고 싶은 수업이에요.', NOW() - INTERVAL 25 DAY, NOW() - INTERVAL 25 DAY),
    (UUID_TO_BIN('cf1bcff1-2f3c-40c1-ab9a-f2d951d21d11'), UUID_TO_BIN('00000000-0000-0000-0000-000000000002'), UUID_TO_BIN('00000000-0000-0000-0000-000000000201'), UUID_TO_BIN('baaaff0f-4982-401f-a78c-c7fd382cfb9f'), 1, '기대 이상으로 만족스러웠습니다.', NOW() - INTERVAL 26 DAY, NOW() - INTERVAL 26 DAY),
    (UUID_TO_BIN('203dd09d-c649-4aee-9337-fb1cc05e54b0'), UUID_TO_BIN('00000000-0000-0000-0000-000000000002'), UUID_TO_BIN('00000000-0000-0000-0000-000000000201'), UUID_TO_BIN('e7e4176d-570d-4670-bcd4-a7b97f6fb689'), 2, '강사님의 열정이 느껴지는 수업이었어요.', NOW() - INTERVAL 27 DAY, NOW() - INTERVAL 27 DAY),
    (UUID_TO_BIN('12082568-9355-412b-b48f-e1882d4973df'), UUID_TO_BIN('00000000-0000-0000-0000-000000000002'), UUID_TO_BIN('00000000-0000-0000-0000-000000000201'), UUID_TO_BIN('8616a5d5-28ba-4a1c-bef3-ce327449d3a1'), 3, '처음 참여했는데 부담 없이 즐길 수 있었습니다.', NOW() - INTERVAL 28 DAY, NOW() - INTERVAL 28 DAY),
    (UUID_TO_BIN('78333023-03ce-4af7-9ff2-eed6d33d7e4b'), UUID_TO_BIN('00000000-0000-0000-0000-000000000002'), UUID_TO_BIN('00000000-0000-0000-0000-000000000201'), UUID_TO_BIN('200098c2-f4d9-4a00-9dc7-8204e24f84ef'), 4, '친구에게도 추천했어요. 정말 좋았습니다.', NOW() - INTERVAL 29 DAY, NOW() - INTERVAL 29 DAY),
    (UUID_TO_BIN('9a6104cb-f2a2-4bda-b8e1-2df9d36f60d6'), UUID_TO_BIN('00000000-0000-0000-0000-000000000002'), UUID_TO_BIN('00000000-0000-0000-0000-000000000201'), UUID_TO_BIN('7028c63e-9cee-41c0-8793-e1404c2d03ed'), 5, '가격 대비 퀄리티가 훌륭합니다.', NOW() - INTERVAL 30 DAY, NOW() - INTERVAL 30 DAY),
    (UUID_TO_BIN('734c9930-b458-472d-ac91-5ba42503b9d4'), UUID_TO_BIN('00000000-0000-0000-0000-000000000002'), UUID_TO_BIN('00000000-0000-0000-0000-000000000201'), UUID_TO_BIN('f0e5c2e9-d907-4745-b1d2-cf6cf4e0fcb5'), 1, '정말 좋은 수업이었습니다. 강사님이 친절하게 설명해주셨어요.', NOW() - INTERVAL 1 DAY, NOW() - INTERVAL 1 DAY),
    (UUID_TO_BIN('c17390e5-2d25-412b-a6e3-b214846e45b3'), UUID_TO_BIN('00000000-0000-0000-0000-000000000002'), UUID_TO_BIN('00000000-0000-0000-0000-000000000201'), UUID_TO_BIN('55735609-f8cf-45bc-9d5f-8d7c8447c9cb'), 2, '초보자도 따라하기 쉬운 수업입니다. 강추합니다!', NOW() - INTERVAL 2 DAY, NOW() - INTERVAL 2 DAY),
    (UUID_TO_BIN('2232e333-662d-4846-89ef-a7b1c0e0ff4c'), UUID_TO_BIN('00000000-0000-0000-0000-000000000002'), UUID_TO_BIN('00000000-0000-0000-0000-000000000201'), UUID_TO_BIN('b995b483-538f-4b30-a573-4db52b4dc655'), 3, '시설이 깔끔하고 수업 진행이 체계적이에요.', NOW() - INTERVAL 3 DAY, NOW() - INTERVAL 3 DAY),
    (UUID_TO_BIN('494a1a2f-4f4d-4e7b-be5e-06f5148b7965'), UUID_TO_BIN('00000000-0000-0000-0000-000000000002'), UUID_TO_BIN('00000000-0000-0000-0000-000000000201'), UUID_TO_BIN('5efffc3f-4ec7-4480-840d-c1dc6a006621'), 4, '덕분에 운동에 재미를 붙이게 됐습니다. 감사해요.', NOW() - INTERVAL 4 DAY, NOW() - INTERVAL 4 DAY),
    (UUID_TO_BIN('f5cf7093-6619-4b3f-bcef-71b792580cf8'), UUID_TO_BIN('00000000-0000-0000-0000-000000000002'), UUID_TO_BIN('00000000-0000-0000-0000-000000000201'), UUID_TO_BIN('2ea7073f-f79c-4021-9f2a-5118883cf6b9'), 5, '다음에도 꼭 참여하고 싶은 수업이에요.', NOW() - INTERVAL 5 DAY, NOW() - INTERVAL 5 DAY),
    (UUID_TO_BIN('8fae7dc6-5d0e-4d91-b38d-1eca9052757e'), UUID_TO_BIN('00000000-0000-0000-0000-000000000002'), UUID_TO_BIN('00000000-0000-0000-0000-000000000201'), UUID_TO_BIN('966ec2fb-43a0-4902-a383-9252b5a9399f'), 1, '기대 이상으로 만족스러웠습니다.', NOW() - INTERVAL 6 DAY, NOW() - INTERVAL 6 DAY),
    (UUID_TO_BIN('4d126af8-8c34-4020-b59b-a80a063fe17b'), UUID_TO_BIN('00000000-0000-0000-0000-000000000002'), UUID_TO_BIN('00000000-0000-0000-0000-000000000201'), UUID_TO_BIN('47e4c335-35e2-4275-b52f-703178d313a8'), 2, '강사님의 열정이 느껴지는 수업이었어요.', NOW() - INTERVAL 7 DAY, NOW() - INTERVAL 7 DAY),
    (UUID_TO_BIN('511c3a57-1742-443f-99c3-245407db50fc'), UUID_TO_BIN('00000000-0000-0000-0000-000000000002'), UUID_TO_BIN('00000000-0000-0000-0000-000000000201'), UUID_TO_BIN('f955ba4b-74a3-4e79-82db-a95fc5233c18'), 3, '처음 참여했는데 부담 없이 즐길 수 있었습니다.', NOW() - INTERVAL 8 DAY, NOW() - INTERVAL 8 DAY),
    (UUID_TO_BIN('67249a37-2359-44d3-99fb-452ead1a9b26'), UUID_TO_BIN('00000000-0000-0000-0000-000000000002'), UUID_TO_BIN('00000000-0000-0000-0000-000000000201'), UUID_TO_BIN('37a3862f-8aa3-4c2e-b3a4-70acfb9abcd6'), 4, '친구에게도 추천했어요. 정말 좋았습니다.', NOW() - INTERVAL 9 DAY, NOW() - INTERVAL 9 DAY),
    (UUID_TO_BIN('72686cd9-eb9b-4300-8e4b-52ea5245e069'), UUID_TO_BIN('00000000-0000-0000-0000-000000000002'), UUID_TO_BIN('00000000-0000-0000-0000-000000000201'), UUID_TO_BIN('b84d8dbc-b79a-4ce3-8ce6-14b51927bcc2'), 5, '가격 대비 퀄리티가 훌륭합니다.', NOW() - INTERVAL 10 DAY, NOW() - INTERVAL 10 DAY),
    (UUID_TO_BIN('c8a70f19-7281-4c87-b541-f1b078b038af'), UUID_TO_BIN('00000000-0000-0000-0000-000000000002'), UUID_TO_BIN('00000000-0000-0000-0000-000000000201'), UUID_TO_BIN('f92bf31d-2b0a-4c85-bc99-74c0bb94a325'), 1, '정말 좋은 수업이었습니다. 강사님이 친절하게 설명해주셨어요.', NOW() - INTERVAL 11 DAY, NOW() - INTERVAL 11 DAY),
    (UUID_TO_BIN('84c4c812-b42d-4858-9b50-f19279e91099'), UUID_TO_BIN('00000000-0000-0000-0000-000000000002'), UUID_TO_BIN('00000000-0000-0000-0000-000000000201'), UUID_TO_BIN('6eb77dc0-8fc4-4c3d-84cb-b460a6639f34'), 2, '초보자도 따라하기 쉬운 수업입니다. 강추합니다!', NOW() - INTERVAL 12 DAY, NOW() - INTERVAL 12 DAY),
    (UUID_TO_BIN('078ac355-ea40-48e2-a585-957653cd4fde'), UUID_TO_BIN('00000000-0000-0000-0000-000000000002'), UUID_TO_BIN('00000000-0000-0000-0000-000000000201'), UUID_TO_BIN('addbbe3d-2a50-4631-81b9-30c7296be0a8'), 3, '시설이 깔끔하고 수업 진행이 체계적이에요.', NOW() - INTERVAL 13 DAY, NOW() - INTERVAL 13 DAY),
    (UUID_TO_BIN('2253c789-6142-4555-a1c5-6971737c3471'), UUID_TO_BIN('00000000-0000-0000-0000-000000000002'), UUID_TO_BIN('00000000-0000-0000-0000-000000000201'), UUID_TO_BIN('e14fbc03-841d-41f9-aa01-b2e7733ac93b'), 4, '덕분에 운동에 재미를 붙이게 됐습니다. 감사해요.', NOW() - INTERVAL 14 DAY, NOW() - INTERVAL 14 DAY),
    (UUID_TO_BIN('888bc98f-aeb9-4ca7-8ca8-feeb0b97b89e'), UUID_TO_BIN('00000000-0000-0000-0000-000000000002'), UUID_TO_BIN('00000000-0000-0000-0000-000000000201'), UUID_TO_BIN('58fc08ed-46ef-4b22-b06d-0f5cc574057f'), 5, '다음에도 꼭 참여하고 싶은 수업이에요.', NOW() - INTERVAL 15 DAY, NOW() - INTERVAL 15 DAY),
    (UUID_TO_BIN('ba7281c5-6cb6-479f-9ecb-1d2a5ce30bba'), UUID_TO_BIN('00000000-0000-0000-0000-000000000002'), UUID_TO_BIN('00000000-0000-0000-0000-000000000201'), UUID_TO_BIN('d2f2dcd4-f770-4a40-a8a9-75ebcb859775'), 1, '기대 이상으로 만족스러웠습니다.', NOW() - INTERVAL 16 DAY, NOW() - INTERVAL 16 DAY),
    (UUID_TO_BIN('63c34fa3-60fa-4227-9320-891a4bcf407f'), UUID_TO_BIN('00000000-0000-0000-0000-000000000002'), UUID_TO_BIN('00000000-0000-0000-0000-000000000201'), UUID_TO_BIN('5ec1253f-f7e4-4e10-9c30-bf55d653df3d'), 2, '강사님의 열정이 느껴지는 수업이었어요.', NOW() - INTERVAL 17 DAY, NOW() - INTERVAL 17 DAY),
    (UUID_TO_BIN('e61ea0da-22f2-4ad2-8952-db461617b2e8'), UUID_TO_BIN('00000000-0000-0000-0000-000000000002'), UUID_TO_BIN('00000000-0000-0000-0000-000000000201'), UUID_TO_BIN('62b5d41b-2047-4e30-932e-4c0a975d3480'), 3, '처음 참여했는데 부담 없이 즐길 수 있었습니다.', NOW() - INTERVAL 18 DAY, NOW() - INTERVAL 18 DAY),
    (UUID_TO_BIN('03ab1d39-de43-47ea-b41f-194997a07030'), UUID_TO_BIN('00000000-0000-0000-0000-000000000002'), UUID_TO_BIN('00000000-0000-0000-0000-000000000201'), UUID_TO_BIN('f9325217-ea0a-40f1-8f5a-dcaf8fd490b7'), 4, '친구에게도 추천했어요. 정말 좋았습니다.', NOW() - INTERVAL 19 DAY, NOW() - INTERVAL 19 DAY),
    (UUID_TO_BIN('420b1878-90b0-46f0-bc4f-11af9c2554de'), UUID_TO_BIN('00000000-0000-0000-0000-000000000002'), UUID_TO_BIN('00000000-0000-0000-0000-000000000201'), UUID_TO_BIN('c881b504-8170-4f57-afef-d217de96573b'), 5, '가격 대비 퀄리티가 훌륭합니다.', NOW() - INTERVAL 20 DAY, NOW() - INTERVAL 20 DAY),
    (UUID_TO_BIN('143518ff-03cc-4515-a318-444a5e1a4701'), UUID_TO_BIN('00000000-0000-0000-0000-000000000002'), UUID_TO_BIN('00000000-0000-0000-0000-000000000201'), UUID_TO_BIN('18a4c0c1-241f-4be1-8f57-ef629f5c607b'), 1, '정말 좋은 수업이었습니다. 강사님이 친절하게 설명해주셨어요.', NOW() - INTERVAL 21 DAY, NOW() - INTERVAL 21 DAY),
    (UUID_TO_BIN('8415e46e-7732-403c-9abc-0962e18c5fab'), UUID_TO_BIN('00000000-0000-0000-0000-000000000002'), UUID_TO_BIN('00000000-0000-0000-0000-000000000201'), UUID_TO_BIN('9b558677-67fe-4337-8a06-2b9e2fdf7eed'), 2, '초보자도 따라하기 쉬운 수업입니다. 강추합니다!', NOW() - INTERVAL 22 DAY, NOW() - INTERVAL 22 DAY),
    (UUID_TO_BIN('e7070063-70dc-4f54-9438-15855d808541'), UUID_TO_BIN('00000000-0000-0000-0000-000000000002'), UUID_TO_BIN('00000000-0000-0000-0000-000000000201'), UUID_TO_BIN('1b58ca25-009d-4c1f-888d-34f9fa20234d'), 3, '시설이 깔끔하고 수업 진행이 체계적이에요.', NOW() - INTERVAL 23 DAY, NOW() - INTERVAL 23 DAY),
    (UUID_TO_BIN('92a3d175-f507-4006-92d6-ab1a3e31e7fe'), UUID_TO_BIN('00000000-0000-0000-0000-000000000002'), UUID_TO_BIN('00000000-0000-0000-0000-000000000201'), UUID_TO_BIN('3a5fc7fe-c6c9-48d1-85f6-d91ef459b3d7'), 4, '덕분에 운동에 재미를 붙이게 됐습니다. 감사해요.', NOW() - INTERVAL 24 DAY, NOW() - INTERVAL 24 DAY),
    (UUID_TO_BIN('bf1e2f7d-3f1a-4773-970b-cf51eebc9c08'), UUID_TO_BIN('00000000-0000-0000-0000-000000000002'), UUID_TO_BIN('00000000-0000-0000-0000-000000000201'), UUID_TO_BIN('55d947d7-a302-43a0-a6a3-8432324ce7ac'), 5, '다음에도 꼭 참여하고 싶은 수업이에요.', NOW() - INTERVAL 25 DAY, NOW() - INTERVAL 25 DAY),
    (UUID_TO_BIN('01a90f64-5845-4b10-a7e0-b90a46e1ed74'), UUID_TO_BIN('00000000-0000-0000-0000-000000000002'), UUID_TO_BIN('00000000-0000-0000-0000-000000000201'), UUID_TO_BIN('682c976d-a6f5-4688-bad2-10b3d8c08272'), 1, '기대 이상으로 만족스러웠습니다.', NOW() - INTERVAL 26 DAY, NOW() - INTERVAL 26 DAY),
    (UUID_TO_BIN('fc49bd6d-ba3c-463b-98b2-62106e350b04'), UUID_TO_BIN('00000000-0000-0000-0000-000000000002'), UUID_TO_BIN('00000000-0000-0000-0000-000000000201'), UUID_TO_BIN('2c390dd4-96fe-4f8f-8f78-fad5f40a878b'), 2, '강사님의 열정이 느껴지는 수업이었어요.', NOW() - INTERVAL 27 DAY, NOW() - INTERVAL 27 DAY),
    (UUID_TO_BIN('96e7eb35-8373-481f-8c4c-3b78043c61d9'), UUID_TO_BIN('00000000-0000-0000-0000-000000000002'), UUID_TO_BIN('00000000-0000-0000-0000-000000000201'), UUID_TO_BIN('1f08d934-1e93-42f6-a216-ab74de4a22d4'), 3, '처음 참여했는데 부담 없이 즐길 수 있었습니다.', NOW() - INTERVAL 28 DAY, NOW() - INTERVAL 28 DAY),
    (UUID_TO_BIN('669b2912-87b4-47fa-8d07-5e7b17dc5ea5'), UUID_TO_BIN('00000000-0000-0000-0000-000000000002'), UUID_TO_BIN('00000000-0000-0000-0000-000000000201'), UUID_TO_BIN('ffd1b50c-3e8b-4997-819e-6a3608508362'), 4, '친구에게도 추천했어요. 정말 좋았습니다.', NOW() - INTERVAL 29 DAY, NOW() - INTERVAL 29 DAY),
    (UUID_TO_BIN('a2806e84-aa48-43c0-9b1e-860f9bf5592a'), UUID_TO_BIN('00000000-0000-0000-0000-000000000002'), UUID_TO_BIN('00000000-0000-0000-0000-000000000201'), UUID_TO_BIN('f8c58c25-6ecb-4f30-ac31-e907ddb031b8'), 5, '가격 대비 퀄리티가 훌륭합니다.', NOW() - INTERVAL 30 DAY, NOW() - INTERVAL 30 DAY),
    (UUID_TO_BIN('4e9a6518-b905-40c3-aac4-5f5df6465581'), UUID_TO_BIN('00000000-0000-0000-0000-000000000002'), UUID_TO_BIN('00000000-0000-0000-0000-000000000201'), UUID_TO_BIN('d179c594-bdea-4c88-b97f-81fd6b88cb91'), 1, '정말 좋은 수업이었습니다. 강사님이 친절하게 설명해주셨어요.', NOW() - INTERVAL 1 DAY, NOW() - INTERVAL 1 DAY),
    (UUID_TO_BIN('af2dc484-cdf0-4df8-918c-e6cc33c8eeae'), UUID_TO_BIN('00000000-0000-0000-0000-000000000002'), UUID_TO_BIN('00000000-0000-0000-0000-000000000201'), UUID_TO_BIN('5ddf6da1-ed4f-4fd2-a0ca-f9a77ea8e447'), 2, '초보자도 따라하기 쉬운 수업입니다. 강추합니다!', NOW() - INTERVAL 2 DAY, NOW() - INTERVAL 2 DAY),
    (UUID_TO_BIN('4aca4eaf-d0ca-46df-94ac-63963e4161d7'), UUID_TO_BIN('00000000-0000-0000-0000-000000000002'), UUID_TO_BIN('00000000-0000-0000-0000-000000000201'), UUID_TO_BIN('c79906a2-3bd7-465d-94f8-a9b55651da90'), 3, '시설이 깔끔하고 수업 진행이 체계적이에요.', NOW() - INTERVAL 3 DAY, NOW() - INTERVAL 3 DAY),
    (UUID_TO_BIN('0aee2192-b2c9-434f-8e8b-1459b416f3a6'), UUID_TO_BIN('00000000-0000-0000-0000-000000000002'), UUID_TO_BIN('00000000-0000-0000-0000-000000000201'), UUID_TO_BIN('26141f19-89b0-498d-9d6b-37b5b960c96a'), 4, '덕분에 운동에 재미를 붙이게 됐습니다. 감사해요.', NOW() - INTERVAL 4 DAY, NOW() - INTERVAL 4 DAY),
    (UUID_TO_BIN('7832046c-db74-42ab-be33-ba15511ce3a2'), UUID_TO_BIN('00000000-0000-0000-0000-000000000002'), UUID_TO_BIN('00000000-0000-0000-0000-000000000201'), UUID_TO_BIN('7bf51d87-6010-4e1e-b7af-1b64263e58fe'), 5, '다음에도 꼭 참여하고 싶은 수업이에요.', NOW() - INTERVAL 5 DAY, NOW() - INTERVAL 5 DAY),
    (UUID_TO_BIN('5cd9c3cd-7bcb-4598-9461-8fdb402715b1'), UUID_TO_BIN('00000000-0000-0000-0000-000000000002'), UUID_TO_BIN('00000000-0000-0000-0000-000000000201'), UUID_TO_BIN('df77847d-0279-4fb6-87f9-2eac8be67e90'), 1, '기대 이상으로 만족스러웠습니다.', NOW() - INTERVAL 6 DAY, NOW() - INTERVAL 6 DAY),
    (UUID_TO_BIN('ec881791-629c-49b7-9163-eaf8ef785fd9'), UUID_TO_BIN('00000000-0000-0000-0000-000000000002'), UUID_TO_BIN('00000000-0000-0000-0000-000000000201'), UUID_TO_BIN('87a8d141-47f5-407a-b597-2a2772eb9ea3'), 2, '강사님의 열정이 느껴지는 수업이었어요.', NOW() - INTERVAL 7 DAY, NOW() - INTERVAL 7 DAY),
    (UUID_TO_BIN('2a7c69c4-4369-46ed-ae22-00778db3b98c'), UUID_TO_BIN('00000000-0000-0000-0000-000000000002'), UUID_TO_BIN('00000000-0000-0000-0000-000000000201'), UUID_TO_BIN('f68a457d-78b8-4f50-9565-0b6a7dbfc7bb'), 3, '처음 참여했는데 부담 없이 즐길 수 있었습니다.', NOW() - INTERVAL 8 DAY, NOW() - INTERVAL 8 DAY),
    (UUID_TO_BIN('93eeaaf4-9dcc-4583-8f93-508abb7f77f9'), UUID_TO_BIN('00000000-0000-0000-0000-000000000002'), UUID_TO_BIN('00000000-0000-0000-0000-000000000201'), UUID_TO_BIN('54ebc957-e8e9-4024-8506-d7a2271e990e'), 4, '친구에게도 추천했어요. 정말 좋았습니다.', NOW() - INTERVAL 9 DAY, NOW() - INTERVAL 9 DAY),
    (UUID_TO_BIN('b4eff596-17c8-424d-aa49-5e7c18196f43'), UUID_TO_BIN('00000000-0000-0000-0000-000000000002'), UUID_TO_BIN('00000000-0000-0000-0000-000000000201'), UUID_TO_BIN('243acf4b-28ea-4367-bd1f-1c3fef00ce97'), 5, '가격 대비 퀄리티가 훌륭합니다.', NOW() - INTERVAL 10 DAY, NOW() - INTERVAL 10 DAY),
    (UUID_TO_BIN('a3c40cdb-1535-484b-ae7e-c4f3617ad10d'), UUID_TO_BIN('00000000-0000-0000-0000-000000000002'), UUID_TO_BIN('00000000-0000-0000-0000-000000000201'), UUID_TO_BIN('4bec65d4-de5d-4dbf-ab3a-0e5697fb1f36'), 1, '정말 좋은 수업이었습니다. 강사님이 친절하게 설명해주셨어요.', NOW() - INTERVAL 11 DAY, NOW() - INTERVAL 11 DAY),
    (UUID_TO_BIN('68f890d2-23cd-46a1-b466-c35053bcf149'), UUID_TO_BIN('00000000-0000-0000-0000-000000000002'), UUID_TO_BIN('00000000-0000-0000-0000-000000000201'), UUID_TO_BIN('838d3a93-479b-498b-930b-50dd345d3e60'), 2, '초보자도 따라하기 쉬운 수업입니다. 강추합니다!', NOW() - INTERVAL 12 DAY, NOW() - INTERVAL 12 DAY),
    (UUID_TO_BIN('c21b14e1-e14c-4ea3-99e6-7380f996d9b3'), UUID_TO_BIN('00000000-0000-0000-0000-000000000002'), UUID_TO_BIN('00000000-0000-0000-0000-000000000201'), UUID_TO_BIN('cec4a2fc-bf95-4191-8c32-2b7129985992'), 3, '시설이 깔끔하고 수업 진행이 체계적이에요.', NOW() - INTERVAL 13 DAY, NOW() - INTERVAL 13 DAY),
    (UUID_TO_BIN('4341d2fb-5a1c-481a-8107-62b36808099c'), UUID_TO_BIN('00000000-0000-0000-0000-000000000002'), UUID_TO_BIN('00000000-0000-0000-0000-000000000201'), UUID_TO_BIN('403822fa-1e9a-4fe1-9bc2-775a62bf10ed'), 4, '덕분에 운동에 재미를 붙이게 됐습니다. 감사해요.', NOW() - INTERVAL 14 DAY, NOW() - INTERVAL 14 DAY),
    (UUID_TO_BIN('3db9ac95-5082-4bd6-a4d8-5bbc2f753864'), UUID_TO_BIN('00000000-0000-0000-0000-000000000002'), UUID_TO_BIN('00000000-0000-0000-0000-000000000201'), UUID_TO_BIN('3b755bf9-e029-4d3f-b508-54ebd5c311be'), 5, '다음에도 꼭 참여하고 싶은 수업이에요.', NOW() - INTERVAL 15 DAY, NOW() - INTERVAL 15 DAY),
    (UUID_TO_BIN('059c81b7-e691-4140-a665-8027c0ec287a'), UUID_TO_BIN('00000000-0000-0000-0000-000000000002'), UUID_TO_BIN('00000000-0000-0000-0000-000000000201'), UUID_TO_BIN('c6ec3081-b26a-40d4-a88e-cb176eb51a09'), 1, '기대 이상으로 만족스러웠습니다.', NOW() - INTERVAL 16 DAY, NOW() - INTERVAL 16 DAY),
    (UUID_TO_BIN('0a9577c8-9da2-41f6-bf69-89c3002aebe3'), UUID_TO_BIN('00000000-0000-0000-0000-000000000002'), UUID_TO_BIN('00000000-0000-0000-0000-000000000201'), UUID_TO_BIN('0f97750b-9c67-4b10-a95a-833d08b7a504'), 2, '강사님의 열정이 느껴지는 수업이었어요.', NOW() - INTERVAL 17 DAY, NOW() - INTERVAL 17 DAY),
    (UUID_TO_BIN('1ec33d3f-ade5-4e70-b125-85c6fd109eaf'), UUID_TO_BIN('00000000-0000-0000-0000-000000000002'), UUID_TO_BIN('00000000-0000-0000-0000-000000000201'), UUID_TO_BIN('3cf05141-5216-4e32-a877-cb7c1856a197'), 3, '처음 참여했는데 부담 없이 즐길 수 있었습니다.', NOW() - INTERVAL 18 DAY, NOW() - INTERVAL 18 DAY),
    (UUID_TO_BIN('b8d6ea72-7bae-4df4-8d38-517179cd6627'), UUID_TO_BIN('00000000-0000-0000-0000-000000000002'), UUID_TO_BIN('00000000-0000-0000-0000-000000000201'), UUID_TO_BIN('be5a3c1a-195b-4de2-90b2-bf1a9bb9c70a'), 4, '친구에게도 추천했어요. 정말 좋았습니다.', NOW() - INTERVAL 19 DAY, NOW() - INTERVAL 19 DAY),
    (UUID_TO_BIN('b276baf8-5045-47cc-96ae-3307389abcb3'), UUID_TO_BIN('00000000-0000-0000-0000-000000000002'), UUID_TO_BIN('00000000-0000-0000-0000-000000000201'), UUID_TO_BIN('2209fa53-9978-4113-ac12-25be903010d2'), 5, '가격 대비 퀄리티가 훌륭합니다.', NOW() - INTERVAL 20 DAY, NOW() - INTERVAL 20 DAY),
    (UUID_TO_BIN('286b1969-e05c-4245-bb48-f406988baeaa'), UUID_TO_BIN('00000000-0000-0000-0000-000000000002'), UUID_TO_BIN('00000000-0000-0000-0000-000000000201'), UUID_TO_BIN('75e0fa09-53e0-43ca-aea3-97de1a40aee2'), 1, '정말 좋은 수업이었습니다. 강사님이 친절하게 설명해주셨어요.', NOW() - INTERVAL 21 DAY, NOW() - INTERVAL 21 DAY),
    (UUID_TO_BIN('afb32a22-e684-418d-abe6-2e8e6c2190a0'), UUID_TO_BIN('00000000-0000-0000-0000-000000000002'), UUID_TO_BIN('00000000-0000-0000-0000-000000000201'), UUID_TO_BIN('5e001c7b-887c-4037-bbe6-b315506374ec'), 2, '초보자도 따라하기 쉬운 수업입니다. 강추합니다!', NOW() - INTERVAL 22 DAY, NOW() - INTERVAL 22 DAY),
    (UUID_TO_BIN('67cdb680-560a-451f-919d-ecf526e076d6'), UUID_TO_BIN('00000000-0000-0000-0000-000000000002'), UUID_TO_BIN('00000000-0000-0000-0000-000000000201'), UUID_TO_BIN('f01b983d-b5cb-4061-8d7c-9b4335da420a'), 3, '시설이 깔끔하고 수업 진행이 체계적이에요.', NOW() - INTERVAL 23 DAY, NOW() - INTERVAL 23 DAY),
    (UUID_TO_BIN('5d6a4392-f23e-4dd3-8ccc-0788472ec4d3'), UUID_TO_BIN('00000000-0000-0000-0000-000000000002'), UUID_TO_BIN('00000000-0000-0000-0000-000000000201'), UUID_TO_BIN('9905ee82-b37c-47f2-badf-026b3877c80f'), 4, '덕분에 운동에 재미를 붙이게 됐습니다. 감사해요.', NOW() - INTERVAL 24 DAY, NOW() - INTERVAL 24 DAY),
    (UUID_TO_BIN('5c742c03-43c6-42cf-9e8d-2aaf0026bd35'), UUID_TO_BIN('00000000-0000-0000-0000-000000000002'), UUID_TO_BIN('00000000-0000-0000-0000-000000000201'), UUID_TO_BIN('8d051711-e980-4770-9269-392596a32cae'), 5, '다음에도 꼭 참여하고 싶은 수업이에요.', NOW() - INTERVAL 25 DAY, NOW() - INTERVAL 25 DAY),
    (UUID_TO_BIN('27ecf9ba-9ec4-4527-aa92-6ed0e2c454b3'), UUID_TO_BIN('00000000-0000-0000-0000-000000000002'), UUID_TO_BIN('00000000-0000-0000-0000-000000000201'), UUID_TO_BIN('819118b9-8c42-4f31-ae5f-ad4a5a63f87e'), 1, '기대 이상으로 만족스러웠습니다.', NOW() - INTERVAL 26 DAY, NOW() - INTERVAL 26 DAY),
    (UUID_TO_BIN('54150bc4-b6b4-4a52-9f7a-a27d206edf68'), UUID_TO_BIN('00000000-0000-0000-0000-000000000002'), UUID_TO_BIN('00000000-0000-0000-0000-000000000201'), UUID_TO_BIN('c7d9b576-7220-4be9-91da-714f0fa7420b'), 2, '강사님의 열정이 느껴지는 수업이었어요.', NOW() - INTERVAL 27 DAY, NOW() - INTERVAL 27 DAY),
    (UUID_TO_BIN('0794eba4-61de-4887-8897-7c2ce037634c'), UUID_TO_BIN('00000000-0000-0000-0000-000000000002'), UUID_TO_BIN('00000000-0000-0000-0000-000000000201'), UUID_TO_BIN('819799d6-024b-46ed-b15d-2606ea957d39'), 3, '처음 참여했는데 부담 없이 즐길 수 있었습니다.', NOW() - INTERVAL 28 DAY, NOW() - INTERVAL 28 DAY),
    (UUID_TO_BIN('a958d583-c116-4718-a1ab-4633f3ce7c53'), UUID_TO_BIN('00000000-0000-0000-0000-000000000002'), UUID_TO_BIN('00000000-0000-0000-0000-000000000201'), UUID_TO_BIN('1dc0ab60-2544-4d86-9813-a9ba8243b03f'), 4, '친구에게도 추천했어요. 정말 좋았습니다.', NOW() - INTERVAL 29 DAY, NOW() - INTERVAL 29 DAY),
    (UUID_TO_BIN('2c9fa3a0-3185-42d6-b52c-d72f89982895'), UUID_TO_BIN('00000000-0000-0000-0000-000000000002'), UUID_TO_BIN('00000000-0000-0000-0000-000000000201'), UUID_TO_BIN('6ab3706d-bb5e-41cd-a644-2d99bb949f9f'), 5, '가격 대비 퀄리티가 훌륭합니다.', NOW() - INTERVAL 30 DAY, NOW() - INTERVAL 30 DAY),
    (UUID_TO_BIN('928e4684-b616-443a-b0d6-6dbedc8cf7a3'), UUID_TO_BIN('00000000-0000-0000-0000-000000000002'), UUID_TO_BIN('00000000-0000-0000-0000-000000000201'), UUID_TO_BIN('effa00a8-f2f6-4f3b-8ce7-01bfa742f341'), 1, '정말 좋은 수업이었습니다. 강사님이 친절하게 설명해주셨어요.', NOW() - INTERVAL 1 DAY, NOW() - INTERVAL 1 DAY),
    (UUID_TO_BIN('855c62eb-d397-41aa-9e0e-945fe138289b'), UUID_TO_BIN('00000000-0000-0000-0000-000000000002'), UUID_TO_BIN('00000000-0000-0000-0000-000000000201'), UUID_TO_BIN('7e1a5746-38f6-4377-bebd-e7d6f1ba3c4c'), 2, '초보자도 따라하기 쉬운 수업입니다. 강추합니다!', NOW() - INTERVAL 2 DAY, NOW() - INTERVAL 2 DAY),
    (UUID_TO_BIN('8cd36f34-8b26-406a-8298-d58a6c217102'), UUID_TO_BIN('00000000-0000-0000-0000-000000000002'), UUID_TO_BIN('00000000-0000-0000-0000-000000000201'), UUID_TO_BIN('e3f65df0-0ffc-4a98-b63b-b9d6d8e2b6fd'), 3, '시설이 깔끔하고 수업 진행이 체계적이에요.', NOW() - INTERVAL 3 DAY, NOW() - INTERVAL 3 DAY),
    (UUID_TO_BIN('98d8cb1a-d205-4938-9387-08866e3666aa'), UUID_TO_BIN('00000000-0000-0000-0000-000000000002'), UUID_TO_BIN('00000000-0000-0000-0000-000000000201'), UUID_TO_BIN('c06a8761-fb06-4e0a-bc6e-49c58d3a3783'), 4, '덕분에 운동에 재미를 붙이게 됐습니다. 감사해요.', NOW() - INTERVAL 4 DAY, NOW() - INTERVAL 4 DAY),
    (UUID_TO_BIN('869af55f-d066-4809-b86a-b7b246d08d40'), UUID_TO_BIN('00000000-0000-0000-0000-000000000002'), UUID_TO_BIN('00000000-0000-0000-0000-000000000201'), UUID_TO_BIN('e37dcdad-4499-49b2-81aa-1aabe4d5aa90'), 5, '다음에도 꼭 참여하고 싶은 수업이에요.', NOW() - INTERVAL 5 DAY, NOW() - INTERVAL 5 DAY),
    (UUID_TO_BIN('42326d36-303f-429f-b891-a5b8f126cfb1'), UUID_TO_BIN('00000000-0000-0000-0000-000000000002'), UUID_TO_BIN('00000000-0000-0000-0000-000000000201'), UUID_TO_BIN('0d5ffc65-2dfd-42fb-ba5b-7cc074140b7e'), 1, '기대 이상으로 만족스러웠습니다.', NOW() - INTERVAL 6 DAY, NOW() - INTERVAL 6 DAY),
    (UUID_TO_BIN('4cfc9c79-9209-4e75-8a6a-65e7a6a74de8'), UUID_TO_BIN('00000000-0000-0000-0000-000000000002'), UUID_TO_BIN('00000000-0000-0000-0000-000000000201'), UUID_TO_BIN('24e99ba7-0c56-49f3-8a90-777482daf532'), 2, '강사님의 열정이 느껴지는 수업이었어요.', NOW() - INTERVAL 7 DAY, NOW() - INTERVAL 7 DAY),
    (UUID_TO_BIN('b704ce8b-ef8f-439a-9ca5-e6d5f396afe4'), UUID_TO_BIN('00000000-0000-0000-0000-000000000002'), UUID_TO_BIN('00000000-0000-0000-0000-000000000201'), UUID_TO_BIN('b2c8b422-364c-46dd-ae28-44e834a030c0'), 3, '처음 참여했는데 부담 없이 즐길 수 있었습니다.', NOW() - INTERVAL 8 DAY, NOW() - INTERVAL 8 DAY),
    (UUID_TO_BIN('d3af3b6d-348b-4882-b9f1-e389bc7ace4e'), UUID_TO_BIN('00000000-0000-0000-0000-000000000002'), UUID_TO_BIN('00000000-0000-0000-0000-000000000201'), UUID_TO_BIN('bbcf03dd-ee18-44b2-bafe-fccf69ab39c2'), 4, '친구에게도 추천했어요. 정말 좋았습니다.', NOW() - INTERVAL 9 DAY, NOW() - INTERVAL 9 DAY),
    (UUID_TO_BIN('67d0366e-c541-43fe-bf85-e3f6803e8027'), UUID_TO_BIN('00000000-0000-0000-0000-000000000002'), UUID_TO_BIN('00000000-0000-0000-0000-000000000201'), UUID_TO_BIN('7bef89c2-65b3-43ac-b764-0c9a9b4db5f5'), 5, '가격 대비 퀄리티가 훌륭합니다.', NOW() - INTERVAL 10 DAY, NOW() - INTERVAL 10 DAY),
    (UUID_TO_BIN('35251f38-e7d8-4f5f-8cea-e241ca9efc4d'), UUID_TO_BIN('00000000-0000-0000-0000-000000000002'), UUID_TO_BIN('00000000-0000-0000-0000-000000000201'), UUID_TO_BIN('c9f091f7-b1be-4360-bf60-a4b1a2623658'), 1, '정말 좋은 수업이었습니다. 강사님이 친절하게 설명해주셨어요.', NOW() - INTERVAL 11 DAY, NOW() - INTERVAL 11 DAY),
    (UUID_TO_BIN('1083535d-71e7-4269-8c9f-2708faa5198b'), UUID_TO_BIN('00000000-0000-0000-0000-000000000002'), UUID_TO_BIN('00000000-0000-0000-0000-000000000201'), UUID_TO_BIN('37f35719-1bd3-4289-bae2-c51020ad145c'), 2, '초보자도 따라하기 쉬운 수업입니다. 강추합니다!', NOW() - INTERVAL 12 DAY, NOW() - INTERVAL 12 DAY),
    (UUID_TO_BIN('39dcea1e-39cc-401d-b2e2-8820a176cd87'), UUID_TO_BIN('00000000-0000-0000-0000-000000000002'), UUID_TO_BIN('00000000-0000-0000-0000-000000000201'), UUID_TO_BIN('436c4d06-1ac2-4f4a-b82c-1ba88811efd8'), 3, '시설이 깔끔하고 수업 진행이 체계적이에요.', NOW() - INTERVAL 13 DAY, NOW() - INTERVAL 13 DAY),
    (UUID_TO_BIN('9dde5426-2b08-4564-9c34-3e95feacf51f'), UUID_TO_BIN('00000000-0000-0000-0000-000000000002'), UUID_TO_BIN('00000000-0000-0000-0000-000000000201'), UUID_TO_BIN('4ef08782-badd-46d4-a4c5-1274351e269d'), 4, '덕분에 운동에 재미를 붙이게 됐습니다. 감사해요.', NOW() - INTERVAL 14 DAY, NOW() - INTERVAL 14 DAY),
    (UUID_TO_BIN('fb485d50-4c75-4223-9d39-a1aaa9238dd3'), UUID_TO_BIN('00000000-0000-0000-0000-000000000002'), UUID_TO_BIN('00000000-0000-0000-0000-000000000201'), UUID_TO_BIN('1f29d79e-f958-4d07-a7e2-18962f9caa1a'), 5, '다음에도 꼭 참여하고 싶은 수업이에요.', NOW() - INTERVAL 15 DAY, NOW() - INTERVAL 15 DAY),
    (UUID_TO_BIN('5f905aed-6774-4949-aa99-3182f7d23e1d'), UUID_TO_BIN('00000000-0000-0000-0000-000000000002'), UUID_TO_BIN('00000000-0000-0000-0000-000000000201'), UUID_TO_BIN('5e516c39-584d-4a06-abf2-550165ca4fdc'), 1, '기대 이상으로 만족스러웠습니다.', NOW() - INTERVAL 16 DAY, NOW() - INTERVAL 16 DAY),
    (UUID_TO_BIN('a93281bc-3b6d-4417-b472-400eb5c15401'), UUID_TO_BIN('00000000-0000-0000-0000-000000000002'), UUID_TO_BIN('00000000-0000-0000-0000-000000000201'), UUID_TO_BIN('3a02547c-b738-456e-bbb0-3588a9457d19'), 2, '강사님의 열정이 느껴지는 수업이었어요.', NOW() - INTERVAL 17 DAY, NOW() - INTERVAL 17 DAY),
    (UUID_TO_BIN('ef497b0b-5bf1-4116-a600-f9fe61ac5438'), UUID_TO_BIN('00000000-0000-0000-0000-000000000002'), UUID_TO_BIN('00000000-0000-0000-0000-000000000201'), UUID_TO_BIN('ea58374a-cf67-49d2-873f-451b61d95d44'), 3, '처음 참여했는데 부담 없이 즐길 수 있었습니다.', NOW() - INTERVAL 18 DAY, NOW() - INTERVAL 18 DAY),
    (UUID_TO_BIN('91b8c4ad-34b3-4e99-b22d-b5e15ee663b0'), UUID_TO_BIN('00000000-0000-0000-0000-000000000002'), UUID_TO_BIN('00000000-0000-0000-0000-000000000201'), UUID_TO_BIN('dfffae1b-6c11-4508-969b-7397838d3e49'), 4, '친구에게도 추천했어요. 정말 좋았습니다.', NOW() - INTERVAL 19 DAY, NOW() - INTERVAL 19 DAY),
    (UUID_TO_BIN('c8cb84e1-4969-4624-9311-e5b3c12cf758'), UUID_TO_BIN('00000000-0000-0000-0000-000000000002'), UUID_TO_BIN('00000000-0000-0000-0000-000000000201'), UUID_TO_BIN('30f4a982-375e-46d1-94ee-da32f42203da'), 5, '가격 대비 퀄리티가 훌륭합니다.', NOW() - INTERVAL 20 DAY, NOW() - INTERVAL 20 DAY),
    (UUID_TO_BIN('47b33ad5-f8e7-46d1-bb37-c40f5c00b16a'), UUID_TO_BIN('00000000-0000-0000-0000-000000000002'), UUID_TO_BIN('00000000-0000-0000-0000-000000000201'), UUID_TO_BIN('5f41609b-5304-43fe-a8db-1f3425b5b677'), 1, '정말 좋은 수업이었습니다. 강사님이 친절하게 설명해주셨어요.', NOW() - INTERVAL 21 DAY, NOW() - INTERVAL 21 DAY),
    (UUID_TO_BIN('12c309d3-744c-48b1-addf-cfb24227d35a'), UUID_TO_BIN('00000000-0000-0000-0000-000000000002'), UUID_TO_BIN('00000000-0000-0000-0000-000000000201'), UUID_TO_BIN('a9be1df6-d73a-477b-9063-0a49fcea05d6'), 2, '초보자도 따라하기 쉬운 수업입니다. 강추합니다!', NOW() - INTERVAL 22 DAY, NOW() - INTERVAL 22 DAY),
    (UUID_TO_BIN('9cb06e52-3f5c-41f4-86ee-0ed92dba9018'), UUID_TO_BIN('00000000-0000-0000-0000-000000000002'), UUID_TO_BIN('00000000-0000-0000-0000-000000000201'), UUID_TO_BIN('08f34d94-4ba0-4b5e-a8dd-f6f09975712f'), 3, '시설이 깔끔하고 수업 진행이 체계적이에요.', NOW() - INTERVAL 23 DAY, NOW() - INTERVAL 23 DAY),
    (UUID_TO_BIN('f315d805-e684-43d7-a381-c74c5d094dcf'), UUID_TO_BIN('00000000-0000-0000-0000-000000000002'), UUID_TO_BIN('00000000-0000-0000-0000-000000000201'), UUID_TO_BIN('52aedee6-0cc7-453b-95b7-c3786abde392'), 4, '덕분에 운동에 재미를 붙이게 됐습니다. 감사해요.', NOW() - INTERVAL 24 DAY, NOW() - INTERVAL 24 DAY),
    (UUID_TO_BIN('acdf3c30-f3b7-40a8-a60d-e544f792757a'), UUID_TO_BIN('00000000-0000-0000-0000-000000000002'), UUID_TO_BIN('00000000-0000-0000-0000-000000000201'), UUID_TO_BIN('a6c54c9a-44ca-47be-8994-1c5d782e4b6f'), 5, '다음에도 꼭 참여하고 싶은 수업이에요.', NOW() - INTERVAL 25 DAY, NOW() - INTERVAL 25 DAY),
    (UUID_TO_BIN('1ad5143a-b533-4d13-bf44-899bbd8293e3'), UUID_TO_BIN('00000000-0000-0000-0000-000000000002'), UUID_TO_BIN('00000000-0000-0000-0000-000000000201'), UUID_TO_BIN('1b187a01-aa29-4568-b41d-f2510de1b170'), 1, '기대 이상으로 만족스러웠습니다.', NOW() - INTERVAL 26 DAY, NOW() - INTERVAL 26 DAY),
    (UUID_TO_BIN('c97836ab-6b31-426b-8091-d840ec8dd7ac'), UUID_TO_BIN('00000000-0000-0000-0000-000000000002'), UUID_TO_BIN('00000000-0000-0000-0000-000000000201'), UUID_TO_BIN('5a9001e1-9b41-4e6a-849b-eb45fd7f889b'), 2, '강사님의 열정이 느껴지는 수업이었어요.', NOW() - INTERVAL 27 DAY, NOW() - INTERVAL 27 DAY),
    (UUID_TO_BIN('b5b177d3-0bd3-4c25-9281-9bca3accc321'), UUID_TO_BIN('00000000-0000-0000-0000-000000000002'), UUID_TO_BIN('00000000-0000-0000-0000-000000000201'), UUID_TO_BIN('b639761d-273d-4613-aa01-97365b948988'), 3, '처음 참여했는데 부담 없이 즐길 수 있었습니다.', NOW() - INTERVAL 28 DAY, NOW() - INTERVAL 28 DAY),
    (UUID_TO_BIN('5a5410ef-384b-4e0c-9ba7-7709c6f01696'), UUID_TO_BIN('00000000-0000-0000-0000-000000000002'), UUID_TO_BIN('00000000-0000-0000-0000-000000000201'), UUID_TO_BIN('8c723266-ec45-487b-ad07-69600718b991'), 4, '친구에게도 추천했어요. 정말 좋았습니다.', NOW() - INTERVAL 29 DAY, NOW() - INTERVAL 29 DAY),
    (UUID_TO_BIN('577785aa-1a5c-4db7-9d19-21219c018482'), UUID_TO_BIN('00000000-0000-0000-0000-000000000002'), UUID_TO_BIN('00000000-0000-0000-0000-000000000201'), UUID_TO_BIN('280d6dfc-e49c-41f1-81e5-59c28ef8ead7'), 5, '가격 대비 퀄리티가 훌륭합니다.', NOW() - INTERVAL 30 DAY, NOW() - INTERVAL 30 DAY),
    (UUID_TO_BIN('a0d6e624-36c5-410f-817e-659e9683c9f5'), UUID_TO_BIN('00000000-0000-0000-0000-000000000002'), UUID_TO_BIN('00000000-0000-0000-0000-000000000201'), UUID_TO_BIN('aca49a18-d579-47c4-af7f-7a6ee92d3388'), 1, '정말 좋은 수업이었습니다. 강사님이 친절하게 설명해주셨어요.', NOW() - INTERVAL 1 DAY, NOW() - INTERVAL 1 DAY),
    (UUID_TO_BIN('5cdbe691-5e6f-4a3a-a90b-79116fcf15f1'), UUID_TO_BIN('00000000-0000-0000-0000-000000000002'), UUID_TO_BIN('00000000-0000-0000-0000-000000000201'), UUID_TO_BIN('205112ac-ff6c-4024-af3e-8b94ecca58e7'), 2, '초보자도 따라하기 쉬운 수업입니다. 강추합니다!', NOW() - INTERVAL 2 DAY, NOW() - INTERVAL 2 DAY),
    (UUID_TO_BIN('3c4d7b40-c947-4cfb-8895-30665d3dbcc7'), UUID_TO_BIN('00000000-0000-0000-0000-000000000002'), UUID_TO_BIN('00000000-0000-0000-0000-000000000201'), UUID_TO_BIN('ad935092-037b-441f-89ce-91b1631c6b0f'), 3, '시설이 깔끔하고 수업 진행이 체계적이에요.', NOW() - INTERVAL 3 DAY, NOW() - INTERVAL 3 DAY),
    (UUID_TO_BIN('a7f1f96d-e083-4a86-ada6-3696554b43fe'), UUID_TO_BIN('00000000-0000-0000-0000-000000000002'), UUID_TO_BIN('00000000-0000-0000-0000-000000000201'), UUID_TO_BIN('8e6b3323-ad3e-401a-8e31-0b72ea5561d6'), 4, '덕분에 운동에 재미를 붙이게 됐습니다. 감사해요.', NOW() - INTERVAL 4 DAY, NOW() - INTERVAL 4 DAY),
    (UUID_TO_BIN('bd7b1d04-3dcc-4207-9936-468c5de5c81c'), UUID_TO_BIN('00000000-0000-0000-0000-000000000002'), UUID_TO_BIN('00000000-0000-0000-0000-000000000201'), UUID_TO_BIN('c55adcc7-dd21-4516-8dd1-8044ac576970'), 5, '다음에도 꼭 참여하고 싶은 수업이에요.', NOW() - INTERVAL 5 DAY, NOW() - INTERVAL 5 DAY),
    (UUID_TO_BIN('088b9f3d-92c3-469e-bf04-dff1388217ca'), UUID_TO_BIN('00000000-0000-0000-0000-000000000002'), UUID_TO_BIN('00000000-0000-0000-0000-000000000201'), UUID_TO_BIN('dfcad726-90f6-4c37-8419-fc9650a4612b'), 1, '기대 이상으로 만족스러웠습니다.', NOW() - INTERVAL 6 DAY, NOW() - INTERVAL 6 DAY),
    (UUID_TO_BIN('89566736-779e-43bd-b511-d8e863c14332'), UUID_TO_BIN('00000000-0000-0000-0000-000000000002'), UUID_TO_BIN('00000000-0000-0000-0000-000000000201'), UUID_TO_BIN('e4f90665-e2ee-4402-bad2-4d780f20b255'), 2, '강사님의 열정이 느껴지는 수업이었어요.', NOW() - INTERVAL 7 DAY, NOW() - INTERVAL 7 DAY),
    (UUID_TO_BIN('0790ebb1-08ea-45ea-985b-86af2fdd856e'), UUID_TO_BIN('00000000-0000-0000-0000-000000000002'), UUID_TO_BIN('00000000-0000-0000-0000-000000000201'), UUID_TO_BIN('e6f3469e-7ab9-49c1-be91-de4866f86aba'), 3, '처음 참여했는데 부담 없이 즐길 수 있었습니다.', NOW() - INTERVAL 8 DAY, NOW() - INTERVAL 8 DAY),
    (UUID_TO_BIN('746b7f30-af90-4809-bfee-387744f6038b'), UUID_TO_BIN('00000000-0000-0000-0000-000000000002'), UUID_TO_BIN('00000000-0000-0000-0000-000000000201'), UUID_TO_BIN('f3db0eb5-338a-44df-a104-9f600630fcc4'), 4, '친구에게도 추천했어요. 정말 좋았습니다.', NOW() - INTERVAL 9 DAY, NOW() - INTERVAL 9 DAY),
    (UUID_TO_BIN('98917fa6-24ef-42b4-bae5-36069f6f43a5'), UUID_TO_BIN('00000000-0000-0000-0000-000000000002'), UUID_TO_BIN('00000000-0000-0000-0000-000000000201'), UUID_TO_BIN('b7daba3a-c6d2-42c0-8111-befc36e6c4e1'), 5, '가격 대비 퀄리티가 훌륭합니다.', NOW() - INTERVAL 10 DAY, NOW() - INTERVAL 10 DAY),
    (UUID_TO_BIN('2b2dc6af-3eee-48cc-936d-412f9b5d0d70'), UUID_TO_BIN('00000000-0000-0000-0000-000000000002'), UUID_TO_BIN('00000000-0000-0000-0000-000000000201'), UUID_TO_BIN('6345e360-24f3-4cd3-b4c2-0efacafa3151'), 1, '정말 좋은 수업이었습니다. 강사님이 친절하게 설명해주셨어요.', NOW() - INTERVAL 11 DAY, NOW() - INTERVAL 11 DAY),
    (UUID_TO_BIN('267e0889-fda6-43bb-82c9-3927ec696173'), UUID_TO_BIN('00000000-0000-0000-0000-000000000002'), UUID_TO_BIN('00000000-0000-0000-0000-000000000201'), UUID_TO_BIN('c5d7678d-2617-4381-b437-40edd2966821'), 2, '초보자도 따라하기 쉬운 수업입니다. 강추합니다!', NOW() - INTERVAL 12 DAY, NOW() - INTERVAL 12 DAY),
    (UUID_TO_BIN('6dd33789-a70a-43af-a53b-f8eda45e55c1'), UUID_TO_BIN('00000000-0000-0000-0000-000000000002'), UUID_TO_BIN('00000000-0000-0000-0000-000000000201'), UUID_TO_BIN('1f36a32e-56f5-4534-b27f-eca6540d4243'), 3, '시설이 깔끔하고 수업 진행이 체계적이에요.', NOW() - INTERVAL 13 DAY, NOW() - INTERVAL 13 DAY),
    (UUID_TO_BIN('6acfc456-199f-428c-95bb-1a8dc04629cc'), UUID_TO_BIN('00000000-0000-0000-0000-000000000002'), UUID_TO_BIN('00000000-0000-0000-0000-000000000201'), UUID_TO_BIN('f43bef7c-33da-44a4-b41e-797734d6f0ed'), 4, '덕분에 운동에 재미를 붙이게 됐습니다. 감사해요.', NOW() - INTERVAL 14 DAY, NOW() - INTERVAL 14 DAY),
    (UUID_TO_BIN('3830ae65-7174-4a32-bf73-0fb6bf97b0c0'), UUID_TO_BIN('00000000-0000-0000-0000-000000000002'), UUID_TO_BIN('00000000-0000-0000-0000-000000000201'), UUID_TO_BIN('120fd7ce-f985-418a-9158-1c05bfab2cc8'), 5, '다음에도 꼭 참여하고 싶은 수업이에요.', NOW() - INTERVAL 15 DAY, NOW() - INTERVAL 15 DAY),
    (UUID_TO_BIN('4e119424-61e1-4f9d-a092-b840d1becec5'), UUID_TO_BIN('00000000-0000-0000-0000-000000000002'), UUID_TO_BIN('00000000-0000-0000-0000-000000000201'), UUID_TO_BIN('d369c4a2-10eb-4150-8740-c09e723611fb'), 1, '기대 이상으로 만족스러웠습니다.', NOW() - INTERVAL 16 DAY, NOW() - INTERVAL 16 DAY),
    (UUID_TO_BIN('00d938c8-7c3c-4cb2-909c-262169afbaf6'), UUID_TO_BIN('00000000-0000-0000-0000-000000000002'), UUID_TO_BIN('00000000-0000-0000-0000-000000000201'), UUID_TO_BIN('b662630d-61aa-47a9-aa95-c11251010c52'), 2, '강사님의 열정이 느껴지는 수업이었어요.', NOW() - INTERVAL 17 DAY, NOW() - INTERVAL 17 DAY),
    (UUID_TO_BIN('b644d956-fbcf-4704-9ff6-f12789f69a20'), UUID_TO_BIN('00000000-0000-0000-0000-000000000002'), UUID_TO_BIN('00000000-0000-0000-0000-000000000201'), UUID_TO_BIN('c486dfe9-4c4f-434e-be49-d9b519c44d18'), 3, '처음 참여했는데 부담 없이 즐길 수 있었습니다.', NOW() - INTERVAL 18 DAY, NOW() - INTERVAL 18 DAY),
    (UUID_TO_BIN('4a2b8221-35aa-43d7-8b25-d7ab11e9df3f'), UUID_TO_BIN('00000000-0000-0000-0000-000000000002'), UUID_TO_BIN('00000000-0000-0000-0000-000000000201'), UUID_TO_BIN('4848ddbd-9b4b-4533-8f0e-25b9fc81b3b2'), 4, '친구에게도 추천했어요. 정말 좋았습니다.', NOW() - INTERVAL 19 DAY, NOW() - INTERVAL 19 DAY),
    (UUID_TO_BIN('a13bfb30-0721-4b81-bd8b-b9f6578279e3'), UUID_TO_BIN('00000000-0000-0000-0000-000000000002'), UUID_TO_BIN('00000000-0000-0000-0000-000000000201'), UUID_TO_BIN('351bc557-a754-4f4e-ad7c-6b6ed8852420'), 5, '가격 대비 퀄리티가 훌륭합니다.', NOW() - INTERVAL 20 DAY, NOW() - INTERVAL 20 DAY),
    (UUID_TO_BIN('a9dc9b46-5019-4849-a990-80ab14249789'), UUID_TO_BIN('00000000-0000-0000-0000-000000000002'), UUID_TO_BIN('00000000-0000-0000-0000-000000000201'), UUID_TO_BIN('f5731950-738a-4c18-981e-852369dd66f8'), 1, '정말 좋은 수업이었습니다. 강사님이 친절하게 설명해주셨어요.', NOW() - INTERVAL 21 DAY, NOW() - INTERVAL 21 DAY),
    (UUID_TO_BIN('3258d0bc-0005-4cd6-8d21-44cf0b93ddb9'), UUID_TO_BIN('00000000-0000-0000-0000-000000000002'), UUID_TO_BIN('00000000-0000-0000-0000-000000000201'), UUID_TO_BIN('2c466b87-bb91-4e10-b16d-334423bbd7ae'), 2, '초보자도 따라하기 쉬운 수업입니다. 강추합니다!', NOW() - INTERVAL 22 DAY, NOW() - INTERVAL 22 DAY),
    (UUID_TO_BIN('af0a4918-e541-4a98-bda4-459d9309f866'), UUID_TO_BIN('00000000-0000-0000-0000-000000000002'), UUID_TO_BIN('00000000-0000-0000-0000-000000000201'), UUID_TO_BIN('c32329c0-e7d9-4346-b449-54ed70073cba'), 3, '시설이 깔끔하고 수업 진행이 체계적이에요.', NOW() - INTERVAL 23 DAY, NOW() - INTERVAL 23 DAY),
    (UUID_TO_BIN('c3740cb4-c3c4-43ce-b803-26413f97e932'), UUID_TO_BIN('00000000-0000-0000-0000-000000000002'), UUID_TO_BIN('00000000-0000-0000-0000-000000000201'), UUID_TO_BIN('d2936d9d-ee57-4220-a290-b8fdd0296128'), 4, '덕분에 운동에 재미를 붙이게 됐습니다. 감사해요.', NOW() - INTERVAL 24 DAY, NOW() - INTERVAL 24 DAY),
    (UUID_TO_BIN('d249c587-bdd5-45b4-84be-d7cda2204551'), UUID_TO_BIN('00000000-0000-0000-0000-000000000002'), UUID_TO_BIN('00000000-0000-0000-0000-000000000201'), UUID_TO_BIN('4ab58436-8ae8-4846-8553-078274cba800'), 5, '다음에도 꼭 참여하고 싶은 수업이에요.', NOW() - INTERVAL 25 DAY, NOW() - INTERVAL 25 DAY),
    (UUID_TO_BIN('5a6e78dc-007e-4233-a258-2a757e892e6b'), UUID_TO_BIN('00000000-0000-0000-0000-000000000002'), UUID_TO_BIN('00000000-0000-0000-0000-000000000201'), UUID_TO_BIN('8e7666b5-8fd0-47bc-83c5-5d759690b3fd'), 1, '기대 이상으로 만족스러웠습니다.', NOW() - INTERVAL 26 DAY, NOW() - INTERVAL 26 DAY),
    (UUID_TO_BIN('70926aa7-0f7e-405b-9af6-bf500ca96ff0'), UUID_TO_BIN('00000000-0000-0000-0000-000000000002'), UUID_TO_BIN('00000000-0000-0000-0000-000000000201'), UUID_TO_BIN('9fa8902b-71d4-422d-b871-4c57bdffc7da'), 2, '강사님의 열정이 느껴지는 수업이었어요.', NOW() - INTERVAL 27 DAY, NOW() - INTERVAL 27 DAY),
    (UUID_TO_BIN('342e97a1-45ce-4798-a890-0d54653e2833'), UUID_TO_BIN('00000000-0000-0000-0000-000000000002'), UUID_TO_BIN('00000000-0000-0000-0000-000000000201'), UUID_TO_BIN('83c310a7-125e-492c-86b2-da20e0d6334a'), 3, '처음 참여했는데 부담 없이 즐길 수 있었습니다.', NOW() - INTERVAL 28 DAY, NOW() - INTERVAL 28 DAY),
    (UUID_TO_BIN('25813ded-7c9e-43b0-a619-22c685603c93'), UUID_TO_BIN('00000000-0000-0000-0000-000000000002'), UUID_TO_BIN('00000000-0000-0000-0000-000000000201'), UUID_TO_BIN('6321d2ae-e719-4127-aa78-07bac3722567'), 4, '친구에게도 추천했어요. 정말 좋았습니다.', NOW() - INTERVAL 29 DAY, NOW() - INTERVAL 29 DAY),
    (UUID_TO_BIN('6df8ca61-18e1-4719-a128-7228646cd487'), UUID_TO_BIN('00000000-0000-0000-0000-000000000002'), UUID_TO_BIN('00000000-0000-0000-0000-000000000201'), UUID_TO_BIN('c3052c45-4a51-4903-8113-feb7f01a14a7'), 5, '가격 대비 퀄리티가 훌륭합니다.', NOW() - INTERVAL 30 DAY, NOW() - INTERVAL 30 DAY),
    (UUID_TO_BIN('52da2c6d-02f7-457f-96e2-17246791e4fd'), UUID_TO_BIN('00000000-0000-0000-0000-000000000002'), UUID_TO_BIN('00000000-0000-0000-0000-000000000201'), UUID_TO_BIN('5e529210-d8bc-438f-87b4-3d63aa7bf3ae'), 1, '정말 좋은 수업이었습니다. 강사님이 친절하게 설명해주셨어요.', NOW() - INTERVAL 1 DAY, NOW() - INTERVAL 1 DAY),
    (UUID_TO_BIN('e6b16efc-b67c-41e6-90b4-0a392c2854e8'), UUID_TO_BIN('00000000-0000-0000-0000-000000000002'), UUID_TO_BIN('00000000-0000-0000-0000-000000000201'), UUID_TO_BIN('39d4741c-4c4a-41ca-94ec-d5ee8204fd79'), 2, '초보자도 따라하기 쉬운 수업입니다. 강추합니다!', NOW() - INTERVAL 2 DAY, NOW() - INTERVAL 2 DAY),
    (UUID_TO_BIN('11bfda96-ba77-411b-9a88-3a3151f4c96a'), UUID_TO_BIN('00000000-0000-0000-0000-000000000002'), UUID_TO_BIN('00000000-0000-0000-0000-000000000201'), UUID_TO_BIN('1961148e-7325-4086-83d1-38d2360b779c'), 3, '시설이 깔끔하고 수업 진행이 체계적이에요.', NOW() - INTERVAL 3 DAY, NOW() - INTERVAL 3 DAY),
    (UUID_TO_BIN('2cbd26b5-c779-4d0d-963d-ea7bc57c00b8'), UUID_TO_BIN('00000000-0000-0000-0000-000000000002'), UUID_TO_BIN('00000000-0000-0000-0000-000000000201'), UUID_TO_BIN('c56b76f2-82c8-4b5a-8391-ec9d6e131026'), 4, '덕분에 운동에 재미를 붙이게 됐습니다. 감사해요.', NOW() - INTERVAL 4 DAY, NOW() - INTERVAL 4 DAY),
    (UUID_TO_BIN('45f615d7-5081-4e44-9414-f4e7d27e2d79'), UUID_TO_BIN('00000000-0000-0000-0000-000000000002'), UUID_TO_BIN('00000000-0000-0000-0000-000000000201'), UUID_TO_BIN('9daf05b8-aee4-45d4-9fdb-a8977e93abd8'), 5, '다음에도 꼭 참여하고 싶은 수업이에요.', NOW() - INTERVAL 5 DAY, NOW() - INTERVAL 5 DAY),
    (UUID_TO_BIN('f9a39fc8-5738-44a7-a2f1-14b6bc4c83ff'), UUID_TO_BIN('00000000-0000-0000-0000-000000000002'), UUID_TO_BIN('00000000-0000-0000-0000-000000000201'), UUID_TO_BIN('13f3a33c-a0ab-45b8-8caa-310470829880'), 1, '기대 이상으로 만족스러웠습니다.', NOW() - INTERVAL 6 DAY, NOW() - INTERVAL 6 DAY),
    (UUID_TO_BIN('6a8006c4-7432-40ed-aa42-80b3c7fbb562'), UUID_TO_BIN('00000000-0000-0000-0000-000000000002'), UUID_TO_BIN('00000000-0000-0000-0000-000000000201'), UUID_TO_BIN('ce5ecd97-1157-463d-a0ee-d34519a5c939'), 2, '강사님의 열정이 느껴지는 수업이었어요.', NOW() - INTERVAL 7 DAY, NOW() - INTERVAL 7 DAY),
    (UUID_TO_BIN('248ee985-ab13-4477-8522-c1df72c515e2'), UUID_TO_BIN('00000000-0000-0000-0000-000000000002'), UUID_TO_BIN('00000000-0000-0000-0000-000000000201'), UUID_TO_BIN('b91c3213-4325-4e1e-b7f6-2a14a2249ca4'), 3, '처음 참여했는데 부담 없이 즐길 수 있었습니다.', NOW() - INTERVAL 8 DAY, NOW() - INTERVAL 8 DAY),
    (UUID_TO_BIN('05c377c3-f312-4a8b-a3da-b5d5bd946b36'), UUID_TO_BIN('00000000-0000-0000-0000-000000000002'), UUID_TO_BIN('00000000-0000-0000-0000-000000000201'), UUID_TO_BIN('d354c08f-2c82-4bc5-bd47-49ddbc9bf5a7'), 4, '친구에게도 추천했어요. 정말 좋았습니다.', NOW() - INTERVAL 9 DAY, NOW() - INTERVAL 9 DAY),
    (UUID_TO_BIN('b12528f8-4141-4e36-9752-8bdca6c220aa'), UUID_TO_BIN('00000000-0000-0000-0000-000000000002'), UUID_TO_BIN('00000000-0000-0000-0000-000000000201'), UUID_TO_BIN('963db49d-c751-459a-bf2e-4654db3b6060'), 5, '가격 대비 퀄리티가 훌륭합니다.', NOW() - INTERVAL 10 DAY, NOW() - INTERVAL 10 DAY),
    (UUID_TO_BIN('7bed6400-9057-4fba-b12b-4501334f5c18'), UUID_TO_BIN('00000000-0000-0000-0000-000000000002'), UUID_TO_BIN('00000000-0000-0000-0000-000000000201'), UUID_TO_BIN('2dd78d2e-f873-4aaa-8d3f-cff1253645d9'), 1, '정말 좋은 수업이었습니다. 강사님이 친절하게 설명해주셨어요.', NOW() - INTERVAL 11 DAY, NOW() - INTERVAL 11 DAY),
    (UUID_TO_BIN('c85fb289-3707-4195-a4d4-967f05891ee8'), UUID_TO_BIN('00000000-0000-0000-0000-000000000002'), UUID_TO_BIN('00000000-0000-0000-0000-000000000201'), UUID_TO_BIN('507da96e-d69b-4b92-9772-b7d1badae503'), 2, '초보자도 따라하기 쉬운 수업입니다. 강추합니다!', NOW() - INTERVAL 12 DAY, NOW() - INTERVAL 12 DAY),
    (UUID_TO_BIN('21a84e4a-3536-41f7-90bf-91d92a6e4cc4'), UUID_TO_BIN('00000000-0000-0000-0000-000000000002'), UUID_TO_BIN('00000000-0000-0000-0000-000000000201'), UUID_TO_BIN('e794ff59-7364-4ed9-9424-6579845df95a'), 3, '시설이 깔끔하고 수업 진행이 체계적이에요.', NOW() - INTERVAL 13 DAY, NOW() - INTERVAL 13 DAY),
    (UUID_TO_BIN('3f945303-49ae-4dcb-ae84-a68be1787928'), UUID_TO_BIN('00000000-0000-0000-0000-000000000002'), UUID_TO_BIN('00000000-0000-0000-0000-000000000201'), UUID_TO_BIN('4cebb916-3c84-45c1-9e21-ff712a3cf5f5'), 4, '덕분에 운동에 재미를 붙이게 됐습니다. 감사해요.', NOW() - INTERVAL 14 DAY, NOW() - INTERVAL 14 DAY),
    (UUID_TO_BIN('574d8457-8e2f-481f-9052-9d96e88a355e'), UUID_TO_BIN('00000000-0000-0000-0000-000000000002'), UUID_TO_BIN('00000000-0000-0000-0000-000000000201'), UUID_TO_BIN('b628deaa-6d99-44d6-a9bf-dfd83c5244d5'), 5, '다음에도 꼭 참여하고 싶은 수업이에요.', NOW() - INTERVAL 15 DAY, NOW() - INTERVAL 15 DAY),
    (UUID_TO_BIN('4c00b684-11ca-4451-994b-52e1af4794e6'), UUID_TO_BIN('00000000-0000-0000-0000-000000000002'), UUID_TO_BIN('00000000-0000-0000-0000-000000000201'), UUID_TO_BIN('cf224383-d590-459d-8f3a-094d7fb21438'), 1, '기대 이상으로 만족스러웠습니다.', NOW() - INTERVAL 16 DAY, NOW() - INTERVAL 16 DAY),
    (UUID_TO_BIN('3778c476-e108-4f01-adfa-aaea3d593746'), UUID_TO_BIN('00000000-0000-0000-0000-000000000002'), UUID_TO_BIN('00000000-0000-0000-0000-000000000201'), UUID_TO_BIN('dfad8025-ec40-475b-b927-61531ce129c5'), 2, '강사님의 열정이 느껴지는 수업이었어요.', NOW() - INTERVAL 17 DAY, NOW() - INTERVAL 17 DAY),
    (UUID_TO_BIN('d2b5b661-38f5-4cc4-bf6b-58e51f2bcf99'), UUID_TO_BIN('00000000-0000-0000-0000-000000000002'), UUID_TO_BIN('00000000-0000-0000-0000-000000000201'), UUID_TO_BIN('e6310487-7508-414d-b4fc-222b00546fbb'), 3, '처음 참여했는데 부담 없이 즐길 수 있었습니다.', NOW() - INTERVAL 18 DAY, NOW() - INTERVAL 18 DAY),
    (UUID_TO_BIN('3d779995-f0ae-4614-982b-55b953232ef6'), UUID_TO_BIN('00000000-0000-0000-0000-000000000002'), UUID_TO_BIN('00000000-0000-0000-0000-000000000201'), UUID_TO_BIN('2b452c29-c016-4e49-82ee-5b368cca682a'), 4, '친구에게도 추천했어요. 정말 좋았습니다.', NOW() - INTERVAL 19 DAY, NOW() - INTERVAL 19 DAY),
    (UUID_TO_BIN('9fcc4478-641d-486d-af2a-98ac64f9d886'), UUID_TO_BIN('00000000-0000-0000-0000-000000000002'), UUID_TO_BIN('00000000-0000-0000-0000-000000000201'), UUID_TO_BIN('dcaa640e-0ac4-4c6e-bc8e-a87a2cd8837c'), 5, '가격 대비 퀄리티가 훌륭합니다.', NOW() - INTERVAL 20 DAY, NOW() - INTERVAL 20 DAY),
    (UUID_TO_BIN('a6624971-2e37-4871-9d81-bb0b0c08f4cc'), UUID_TO_BIN('00000000-0000-0000-0000-000000000002'), UUID_TO_BIN('00000000-0000-0000-0000-000000000201'), UUID_TO_BIN('0d65ea9e-1fc4-4494-934f-6856af89d612'), 1, '정말 좋은 수업이었습니다. 강사님이 친절하게 설명해주셨어요.', NOW() - INTERVAL 21 DAY, NOW() - INTERVAL 21 DAY),
    (UUID_TO_BIN('b6c13108-568e-49ca-af77-66e84235fec4'), UUID_TO_BIN('00000000-0000-0000-0000-000000000002'), UUID_TO_BIN('00000000-0000-0000-0000-000000000201'), UUID_TO_BIN('e9c52695-fa60-4f87-a2d0-a93e7683cbb1'), 2, '초보자도 따라하기 쉬운 수업입니다. 강추합니다!', NOW() - INTERVAL 22 DAY, NOW() - INTERVAL 22 DAY),
    (UUID_TO_BIN('5fc8c0db-a056-4436-af4f-623cc250152d'), UUID_TO_BIN('00000000-0000-0000-0000-000000000002'), UUID_TO_BIN('00000000-0000-0000-0000-000000000201'), UUID_TO_BIN('95cf614b-3fa0-4581-bc6d-3275d6074108'), 3, '시설이 깔끔하고 수업 진행이 체계적이에요.', NOW() - INTERVAL 23 DAY, NOW() - INTERVAL 23 DAY),
    (UUID_TO_BIN('7ace179e-7ff1-48c2-81ab-81536ae0b872'), UUID_TO_BIN('00000000-0000-0000-0000-000000000002'), UUID_TO_BIN('00000000-0000-0000-0000-000000000201'), UUID_TO_BIN('14a0494f-1535-44e5-aa0c-257e889794b9'), 4, '덕분에 운동에 재미를 붙이게 됐습니다. 감사해요.', NOW() - INTERVAL 24 DAY, NOW() - INTERVAL 24 DAY),
    (UUID_TO_BIN('3ed9cdbb-dba6-459e-9c1a-94806634bdfc'), UUID_TO_BIN('00000000-0000-0000-0000-000000000002'), UUID_TO_BIN('00000000-0000-0000-0000-000000000201'), UUID_TO_BIN('c46a1db7-4ae0-40db-8aa6-1960764f7eba'), 5, '다음에도 꼭 참여하고 싶은 수업이에요.', NOW() - INTERVAL 25 DAY, NOW() - INTERVAL 25 DAY),
    (UUID_TO_BIN('fd945d13-5d55-4193-bd27-0191ae62d396'), UUID_TO_BIN('00000000-0000-0000-0000-000000000002'), UUID_TO_BIN('00000000-0000-0000-0000-000000000201'), UUID_TO_BIN('760d1d1e-1fae-40f6-8544-5692068914fa'), 1, '기대 이상으로 만족스러웠습니다.', NOW() - INTERVAL 26 DAY, NOW() - INTERVAL 26 DAY),
    (UUID_TO_BIN('e4db03e0-1dc2-478f-bd67-b9d4fbf0e705'), UUID_TO_BIN('00000000-0000-0000-0000-000000000002'), UUID_TO_BIN('00000000-0000-0000-0000-000000000201'), UUID_TO_BIN('66175896-f0a5-4450-bf41-8cba606fcb47'), 2, '강사님의 열정이 느껴지는 수업이었어요.', NOW() - INTERVAL 27 DAY, NOW() - INTERVAL 27 DAY),
    (UUID_TO_BIN('2ac23eb7-8e08-4bdc-8aa0-4649f5521ca0'), UUID_TO_BIN('00000000-0000-0000-0000-000000000002'), UUID_TO_BIN('00000000-0000-0000-0000-000000000201'), UUID_TO_BIN('58c445b2-510c-4cff-93e9-f80d84d1c5bd'), 3, '처음 참여했는데 부담 없이 즐길 수 있었습니다.', NOW() - INTERVAL 28 DAY, NOW() - INTERVAL 28 DAY),
    (UUID_TO_BIN('2c1fc85d-99fb-4bd6-a44d-394db767e2d7'), UUID_TO_BIN('00000000-0000-0000-0000-000000000002'), UUID_TO_BIN('00000000-0000-0000-0000-000000000201'), UUID_TO_BIN('2bfb0f80-3304-4fa6-b9c8-bcf26e3c7428'), 4, '친구에게도 추천했어요. 정말 좋았습니다.', NOW() - INTERVAL 29 DAY, NOW() - INTERVAL 29 DAY),
    (UUID_TO_BIN('5d623c77-77af-495f-8736-900628583fed'), UUID_TO_BIN('00000000-0000-0000-0000-000000000002'), UUID_TO_BIN('00000000-0000-0000-0000-000000000201'), UUID_TO_BIN('00cd5488-b58f-40da-ac29-1dae81e52eeb'), 5, '가격 대비 퀄리티가 훌륭합니다.', NOW() - INTERVAL 30 DAY, NOW() - INTERVAL 30 DAY),
    (UUID_TO_BIN('df466aed-cc05-414a-8fce-0199dbcfc932'), UUID_TO_BIN('00000000-0000-0000-0000-000000000002'), UUID_TO_BIN('00000000-0000-0000-0000-000000000201'), UUID_TO_BIN('e0277ed5-439e-4459-af6e-32fa82c80fc4'), 1, '정말 좋은 수업이었습니다. 강사님이 친절하게 설명해주셨어요.', NOW() - INTERVAL 1 DAY, NOW() - INTERVAL 1 DAY),
    (UUID_TO_BIN('007ccd83-a9fd-40d9-ae0b-5930e9b82a73'), UUID_TO_BIN('00000000-0000-0000-0000-000000000002'), UUID_TO_BIN('00000000-0000-0000-0000-000000000201'), UUID_TO_BIN('5ce32e88-7d2f-4526-9117-2f31c770f749'), 2, '초보자도 따라하기 쉬운 수업입니다. 강추합니다!', NOW() - INTERVAL 2 DAY, NOW() - INTERVAL 2 DAY),
    (UUID_TO_BIN('510ecb1f-57ba-44e2-bc94-b103679d5b57'), UUID_TO_BIN('00000000-0000-0000-0000-000000000002'), UUID_TO_BIN('00000000-0000-0000-0000-000000000201'), UUID_TO_BIN('a3f5756d-b5f3-4dd0-a573-758b8ca3c68f'), 3, '시설이 깔끔하고 수업 진행이 체계적이에요.', NOW() - INTERVAL 3 DAY, NOW() - INTERVAL 3 DAY),
    (UUID_TO_BIN('c10fe0ea-677b-489b-b914-73e8b39f216c'), UUID_TO_BIN('00000000-0000-0000-0000-000000000002'), UUID_TO_BIN('00000000-0000-0000-0000-000000000201'), UUID_TO_BIN('10d5c341-7bd4-4cf3-97cf-44e971907071'), 4, '덕분에 운동에 재미를 붙이게 됐습니다. 감사해요.', NOW() - INTERVAL 4 DAY, NOW() - INTERVAL 4 DAY),
    (UUID_TO_BIN('91348abf-6058-4dd6-9a6a-13388235aa93'), UUID_TO_BIN('00000000-0000-0000-0000-000000000002'), UUID_TO_BIN('00000000-0000-0000-0000-000000000201'), UUID_TO_BIN('44eff8f7-a225-4bdd-847b-b1e172e863e7'), 5, '다음에도 꼭 참여하고 싶은 수업이에요.', NOW() - INTERVAL 5 DAY, NOW() - INTERVAL 5 DAY),
    (UUID_TO_BIN('dd1c514d-1207-43d0-89b7-c14f0e4cefb3'), UUID_TO_BIN('00000000-0000-0000-0000-000000000002'), UUID_TO_BIN('00000000-0000-0000-0000-000000000201'), UUID_TO_BIN('e78e4641-56c2-48e7-8d40-f59d170359db'), 1, '기대 이상으로 만족스러웠습니다.', NOW() - INTERVAL 6 DAY, NOW() - INTERVAL 6 DAY),
    (UUID_TO_BIN('6f3bab11-646f-4f30-9d49-d8f337f0bfe1'), UUID_TO_BIN('00000000-0000-0000-0000-000000000002'), UUID_TO_BIN('00000000-0000-0000-0000-000000000201'), UUID_TO_BIN('ee0092a4-baa0-44e3-87e3-a22351266611'), 2, '강사님의 열정이 느껴지는 수업이었어요.', NOW() - INTERVAL 7 DAY, NOW() - INTERVAL 7 DAY),
    (UUID_TO_BIN('cd4bbd69-3757-485e-8236-dab59814c58b'), UUID_TO_BIN('00000000-0000-0000-0000-000000000002'), UUID_TO_BIN('00000000-0000-0000-0000-000000000201'), UUID_TO_BIN('e4c9712d-d6c4-4eda-9034-0d7846158093'), 3, '처음 참여했는데 부담 없이 즐길 수 있었습니다.', NOW() - INTERVAL 8 DAY, NOW() - INTERVAL 8 DAY),
    (UUID_TO_BIN('0bb93331-61fa-49f2-959f-19adfa26be51'), UUID_TO_BIN('00000000-0000-0000-0000-000000000002'), UUID_TO_BIN('00000000-0000-0000-0000-000000000201'), UUID_TO_BIN('8b21ddf8-5028-42a7-8995-20c72b9674bc'), 4, '친구에게도 추천했어요. 정말 좋았습니다.', NOW() - INTERVAL 9 DAY, NOW() - INTERVAL 9 DAY),
    (UUID_TO_BIN('34fa3419-fb04-4db0-85ba-218de81d32d2'), UUID_TO_BIN('00000000-0000-0000-0000-000000000002'), UUID_TO_BIN('00000000-0000-0000-0000-000000000201'), UUID_TO_BIN('e97b6320-9689-41e2-a5cd-4753da14a7ec'), 5, '가격 대비 퀄리티가 훌륭합니다.', NOW() - INTERVAL 10 DAY, NOW() - INTERVAL 10 DAY),
    (UUID_TO_BIN('288847ba-30b4-4b13-9ed3-168df7250332'), UUID_TO_BIN('00000000-0000-0000-0000-000000000002'), UUID_TO_BIN('00000000-0000-0000-0000-000000000201'), UUID_TO_BIN('a92331b6-bd26-42a1-a096-07955487c642'), 1, '정말 좋은 수업이었습니다. 강사님이 친절하게 설명해주셨어요.', NOW() - INTERVAL 11 DAY, NOW() - INTERVAL 11 DAY),
    (UUID_TO_BIN('aadf4863-bb6e-4d38-8ea5-567f8cef39fa'), UUID_TO_BIN('00000000-0000-0000-0000-000000000002'), UUID_TO_BIN('00000000-0000-0000-0000-000000000201'), UUID_TO_BIN('a8234199-d2f1-428d-b47f-8321d52443fd'), 2, '초보자도 따라하기 쉬운 수업입니다. 강추합니다!', NOW() - INTERVAL 12 DAY, NOW() - INTERVAL 12 DAY),
    (UUID_TO_BIN('56981bd4-fb2a-4a6d-b587-985e73a745ea'), UUID_TO_BIN('00000000-0000-0000-0000-000000000002'), UUID_TO_BIN('00000000-0000-0000-0000-000000000201'), UUID_TO_BIN('1d7bc253-99e4-4198-81e3-50e5d8901334'), 3, '시설이 깔끔하고 수업 진행이 체계적이에요.', NOW() - INTERVAL 13 DAY, NOW() - INTERVAL 13 DAY),
    (UUID_TO_BIN('1d8ebae4-54b0-46b3-b7b5-4c7f28207b98'), UUID_TO_BIN('00000000-0000-0000-0000-000000000002'), UUID_TO_BIN('00000000-0000-0000-0000-000000000201'), UUID_TO_BIN('e5e14075-3931-4ae1-818f-b407f7a92ffe'), 4, '덕분에 운동에 재미를 붙이게 됐습니다. 감사해요.', NOW() - INTERVAL 14 DAY, NOW() - INTERVAL 14 DAY),
    (UUID_TO_BIN('64ac2c6e-03b8-4e65-8eeb-4b73d606e6c1'), UUID_TO_BIN('00000000-0000-0000-0000-000000000002'), UUID_TO_BIN('00000000-0000-0000-0000-000000000201'), UUID_TO_BIN('c9e6577d-2d66-49b8-b03d-6018194e999b'), 5, '다음에도 꼭 참여하고 싶은 수업이에요.', NOW() - INTERVAL 15 DAY, NOW() - INTERVAL 15 DAY),
    (UUID_TO_BIN('88d8bb67-d619-440c-9689-fb5f77bf7a9f'), UUID_TO_BIN('00000000-0000-0000-0000-000000000002'), UUID_TO_BIN('00000000-0000-0000-0000-000000000201'), UUID_TO_BIN('19ef95b7-fb1d-403c-97cf-bd319dab11ea'), 1, '기대 이상으로 만족스러웠습니다.', NOW() - INTERVAL 16 DAY, NOW() - INTERVAL 16 DAY),
    (UUID_TO_BIN('de2a1097-5ed7-4f3c-b88d-38aec25cc1e6'), UUID_TO_BIN('00000000-0000-0000-0000-000000000002'), UUID_TO_BIN('00000000-0000-0000-0000-000000000201'), UUID_TO_BIN('bedaea0f-bdf0-4a16-b2ea-17bd4db8666b'), 2, '강사님의 열정이 느껴지는 수업이었어요.', NOW() - INTERVAL 17 DAY, NOW() - INTERVAL 17 DAY),
    (UUID_TO_BIN('3e593d9a-dde4-4653-90de-1aaced63292f'), UUID_TO_BIN('00000000-0000-0000-0000-000000000002'), UUID_TO_BIN('00000000-0000-0000-0000-000000000201'), UUID_TO_BIN('989f4cae-4120-424c-bc02-9e9554c9e84b'), 3, '처음 참여했는데 부담 없이 즐길 수 있었습니다.', NOW() - INTERVAL 18 DAY, NOW() - INTERVAL 18 DAY),
    (UUID_TO_BIN('b6ae7fc4-7062-41cc-8203-e9315b1c6c58'), UUID_TO_BIN('00000000-0000-0000-0000-000000000002'), UUID_TO_BIN('00000000-0000-0000-0000-000000000201'), UUID_TO_BIN('dd325274-0d66-4976-9148-b7f37ca44bff'), 4, '친구에게도 추천했어요. 정말 좋았습니다.', NOW() - INTERVAL 19 DAY, NOW() - INTERVAL 19 DAY),
    (UUID_TO_BIN('a6e30f47-5276-47f3-acf1-5050b70b2ca3'), UUID_TO_BIN('00000000-0000-0000-0000-000000000002'), UUID_TO_BIN('00000000-0000-0000-0000-000000000201'), UUID_TO_BIN('35c7bfe0-abc1-43d2-89fd-78ae6af3d462'), 5, '가격 대비 퀄리티가 훌륭합니다.', NOW() - INTERVAL 20 DAY, NOW() - INTERVAL 20 DAY),
    (UUID_TO_BIN('9fb8531a-4f1d-469d-bd67-1f502e691e68'), UUID_TO_BIN('00000000-0000-0000-0000-000000000002'), UUID_TO_BIN('00000000-0000-0000-0000-000000000201'), UUID_TO_BIN('e3ba309a-1c8e-48e6-aae3-d43c69c1a3de'), 1, '정말 좋은 수업이었습니다. 강사님이 친절하게 설명해주셨어요.', NOW() - INTERVAL 21 DAY, NOW() - INTERVAL 21 DAY),
    (UUID_TO_BIN('ab8eca8d-667f-4d15-b02e-6ebf127372f2'), UUID_TO_BIN('00000000-0000-0000-0000-000000000002'), UUID_TO_BIN('00000000-0000-0000-0000-000000000201'), UUID_TO_BIN('7d97d915-11a1-4bcb-b6c0-4e2ada98d745'), 2, '초보자도 따라하기 쉬운 수업입니다. 강추합니다!', NOW() - INTERVAL 22 DAY, NOW() - INTERVAL 22 DAY),
    (UUID_TO_BIN('97d6ad67-86ae-42e8-a39d-0bd8b0edbaf3'), UUID_TO_BIN('00000000-0000-0000-0000-000000000002'), UUID_TO_BIN('00000000-0000-0000-0000-000000000201'), UUID_TO_BIN('3078129c-54d0-4fbb-a56d-df8b9b2ba849'), 3, '시설이 깔끔하고 수업 진행이 체계적이에요.', NOW() - INTERVAL 23 DAY, NOW() - INTERVAL 23 DAY),
    (UUID_TO_BIN('d4ab2991-d485-4656-871c-b551ebfb18bc'), UUID_TO_BIN('00000000-0000-0000-0000-000000000002'), UUID_TO_BIN('00000000-0000-0000-0000-000000000201'), UUID_TO_BIN('12462c40-7b41-4d2b-be3b-2e7184009cc2'), 4, '덕분에 운동에 재미를 붙이게 됐습니다. 감사해요.', NOW() - INTERVAL 24 DAY, NOW() - INTERVAL 24 DAY),
    (UUID_TO_BIN('9bda4a5f-0478-4b00-a8d3-82791b2a01c5'), UUID_TO_BIN('00000000-0000-0000-0000-000000000002'), UUID_TO_BIN('00000000-0000-0000-0000-000000000201'), UUID_TO_BIN('cd6c5abf-e563-400c-aa12-4ccb80ee1580'), 5, '다음에도 꼭 참여하고 싶은 수업이에요.', NOW() - INTERVAL 25 DAY, NOW() - INTERVAL 25 DAY),
    (UUID_TO_BIN('c1fcbd8d-20e7-4472-9452-a98757945202'), UUID_TO_BIN('00000000-0000-0000-0000-000000000002'), UUID_TO_BIN('00000000-0000-0000-0000-000000000201'), UUID_TO_BIN('0c309ca0-3b79-4c29-ab2f-05ff2c8f085c'), 1, '기대 이상으로 만족스러웠습니다.', NOW() - INTERVAL 26 DAY, NOW() - INTERVAL 26 DAY),
    (UUID_TO_BIN('d540d07e-0dd1-4231-983f-bb165fdc8377'), UUID_TO_BIN('00000000-0000-0000-0000-000000000002'), UUID_TO_BIN('00000000-0000-0000-0000-000000000201'), UUID_TO_BIN('0a68871b-c010-4dc5-98cd-7d17a36c4f9e'), 2, '강사님의 열정이 느껴지는 수업이었어요.', NOW() - INTERVAL 27 DAY, NOW() - INTERVAL 27 DAY),
    (UUID_TO_BIN('bc2dd664-a53d-47b1-b9ac-a2c3fc8ef8ac'), UUID_TO_BIN('00000000-0000-0000-0000-000000000002'), UUID_TO_BIN('00000000-0000-0000-0000-000000000201'), UUID_TO_BIN('1d9bb1d1-89e6-49a2-a06e-f2d48b29ab46'), 3, '처음 참여했는데 부담 없이 즐길 수 있었습니다.', NOW() - INTERVAL 28 DAY, NOW() - INTERVAL 28 DAY),
    (UUID_TO_BIN('373ea428-942e-4dd7-bee0-fa84caab400c'), UUID_TO_BIN('00000000-0000-0000-0000-000000000002'), UUID_TO_BIN('00000000-0000-0000-0000-000000000201'), UUID_TO_BIN('7a39bd93-c886-4c3b-8521-58805ecec69b'), 4, '친구에게도 추천했어요. 정말 좋았습니다.', NOW() - INTERVAL 29 DAY, NOW() - INTERVAL 29 DAY),
    (UUID_TO_BIN('ac4c15c9-05f2-4b48-a23a-46e99495760e'), UUID_TO_BIN('00000000-0000-0000-0000-000000000002'), UUID_TO_BIN('00000000-0000-0000-0000-000000000201'), UUID_TO_BIN('8f051ed9-dd7c-48bc-95d6-d8499ba0a671'), 5, '가격 대비 퀄리티가 훌륭합니다.', NOW() - INTERVAL 30 DAY, NOW() - INTERVAL 30 DAY),
    (UUID_TO_BIN('ba6c8302-a19e-4789-b2d6-9b4d85b670df'), UUID_TO_BIN('00000000-0000-0000-0000-000000000002'), UUID_TO_BIN('00000000-0000-0000-0000-000000000201'), UUID_TO_BIN('fc01cf81-a89f-4af4-bc2b-3ef2c4253f87'), 1, '정말 좋은 수업이었습니다. 강사님이 친절하게 설명해주셨어요.', NOW() - INTERVAL 1 DAY, NOW() - INTERVAL 1 DAY),
    (UUID_TO_BIN('4fa346c7-5705-4251-9a7a-e73008425c17'), UUID_TO_BIN('00000000-0000-0000-0000-000000000002'), UUID_TO_BIN('00000000-0000-0000-0000-000000000201'), UUID_TO_BIN('f9a291bb-30e4-4010-bb48-73b4163f523f'), 2, '초보자도 따라하기 쉬운 수업입니다. 강추합니다!', NOW() - INTERVAL 2 DAY, NOW() - INTERVAL 2 DAY),
    (UUID_TO_BIN('aaa5c854-8c79-45d2-a5fa-6074ee0a177e'), UUID_TO_BIN('00000000-0000-0000-0000-000000000002'), UUID_TO_BIN('00000000-0000-0000-0000-000000000201'), UUID_TO_BIN('6822324b-b198-4cd9-aae1-0f6d4d27e53d'), 3, '시설이 깔끔하고 수업 진행이 체계적이에요.', NOW() - INTERVAL 3 DAY, NOW() - INTERVAL 3 DAY),
    (UUID_TO_BIN('810da6f7-be55-4369-9f55-6680928c7687'), UUID_TO_BIN('00000000-0000-0000-0000-000000000002'), UUID_TO_BIN('00000000-0000-0000-0000-000000000201'), UUID_TO_BIN('b15c0044-a5e3-4c62-ae2a-648d18cedb5f'), 4, '덕분에 운동에 재미를 붙이게 됐습니다. 감사해요.', NOW() - INTERVAL 4 DAY, NOW() - INTERVAL 4 DAY),
    (UUID_TO_BIN('571a62fe-2898-4d4e-a4a5-574e7a1d3bc5'), UUID_TO_BIN('00000000-0000-0000-0000-000000000002'), UUID_TO_BIN('00000000-0000-0000-0000-000000000201'), UUID_TO_BIN('6b3033df-9b15-438c-a758-aa7b7d455024'), 5, '다음에도 꼭 참여하고 싶은 수업이에요.', NOW() - INTERVAL 5 DAY, NOW() - INTERVAL 5 DAY),
    (UUID_TO_BIN('ff66da3b-c693-4b26-97d9-ee526f64a12e'), UUID_TO_BIN('00000000-0000-0000-0000-000000000002'), UUID_TO_BIN('00000000-0000-0000-0000-000000000201'), UUID_TO_BIN('4b9fa14a-f68c-4d67-b485-606d95f85515'), 1, '기대 이상으로 만족스러웠습니다.', NOW() - INTERVAL 6 DAY, NOW() - INTERVAL 6 DAY),
    (UUID_TO_BIN('02ffe9f7-6aac-43db-94a5-fc589becd7d4'), UUID_TO_BIN('00000000-0000-0000-0000-000000000002'), UUID_TO_BIN('00000000-0000-0000-0000-000000000201'), UUID_TO_BIN('676a535a-155d-46b0-9917-459dd75d96eb'), 2, '강사님의 열정이 느껴지는 수업이었어요.', NOW() - INTERVAL 7 DAY, NOW() - INTERVAL 7 DAY),
    (UUID_TO_BIN('43c7d254-37a7-4422-b570-c2180e36eff5'), UUID_TO_BIN('00000000-0000-0000-0000-000000000002'), UUID_TO_BIN('00000000-0000-0000-0000-000000000201'), UUID_TO_BIN('602c00b8-7d6d-49bf-9bc2-1f0a2b0a3e47'), 3, '처음 참여했는데 부담 없이 즐길 수 있었습니다.', NOW() - INTERVAL 8 DAY, NOW() - INTERVAL 8 DAY),
    (UUID_TO_BIN('7f5ee04d-34e4-4978-b67b-904675f0a273'), UUID_TO_BIN('00000000-0000-0000-0000-000000000002'), UUID_TO_BIN('00000000-0000-0000-0000-000000000201'), UUID_TO_BIN('be3b46fc-e304-4fd6-8c3a-52c655cec679'), 4, '친구에게도 추천했어요. 정말 좋았습니다.', NOW() - INTERVAL 9 DAY, NOW() - INTERVAL 9 DAY),
    (UUID_TO_BIN('54633540-0c11-4634-ae62-df1b34916625'), UUID_TO_BIN('00000000-0000-0000-0000-000000000002'), UUID_TO_BIN('00000000-0000-0000-0000-000000000201'), UUID_TO_BIN('95365811-3779-432d-a073-d736b0587689'), 5, '가격 대비 퀄리티가 훌륭합니다.', NOW() - INTERVAL 10 DAY, NOW() - INTERVAL 10 DAY),
    (UUID_TO_BIN('0824c2c9-1070-4971-ac5f-412bf5e35268'), UUID_TO_BIN('00000000-0000-0000-0000-000000000002'), UUID_TO_BIN('00000000-0000-0000-0000-000000000201'), UUID_TO_BIN('10a36c51-7bef-4b45-acc6-643ec58fdc8d'), 1, '정말 좋은 수업이었습니다. 강사님이 친절하게 설명해주셨어요.', NOW() - INTERVAL 11 DAY, NOW() - INTERVAL 11 DAY),
    (UUID_TO_BIN('ff4786d7-3c51-43f0-9371-eb742ceaba1c'), UUID_TO_BIN('00000000-0000-0000-0000-000000000002'), UUID_TO_BIN('00000000-0000-0000-0000-000000000201'), UUID_TO_BIN('9572a1e5-8635-4870-8a59-75abe1091e17'), 2, '초보자도 따라하기 쉬운 수업입니다. 강추합니다!', NOW() - INTERVAL 12 DAY, NOW() - INTERVAL 12 DAY),
    (UUID_TO_BIN('44071491-e42a-452e-9368-493ff531a27b'), UUID_TO_BIN('00000000-0000-0000-0000-000000000002'), UUID_TO_BIN('00000000-0000-0000-0000-000000000201'), UUID_TO_BIN('bbf3df21-f438-4777-8297-3aa1e1fc218d'), 3, '시설이 깔끔하고 수업 진행이 체계적이에요.', NOW() - INTERVAL 13 DAY, NOW() - INTERVAL 13 DAY),
    (UUID_TO_BIN('bb5f7ff3-9830-4795-9dda-c520d0443729'), UUID_TO_BIN('00000000-0000-0000-0000-000000000002'), UUID_TO_BIN('00000000-0000-0000-0000-000000000201'), UUID_TO_BIN('a52f5b0f-090e-475e-a4c8-18d87b2546b0'), 4, '덕분에 운동에 재미를 붙이게 됐습니다. 감사해요.', NOW() - INTERVAL 14 DAY, NOW() - INTERVAL 14 DAY),
    (UUID_TO_BIN('8a7f1b84-60b4-43af-8496-8e21df409e07'), UUID_TO_BIN('00000000-0000-0000-0000-000000000002'), UUID_TO_BIN('00000000-0000-0000-0000-000000000201'), UUID_TO_BIN('72ce7f5b-4d36-488d-b706-ece2a75cefae'), 5, '다음에도 꼭 참여하고 싶은 수업이에요.', NOW() - INTERVAL 15 DAY, NOW() - INTERVAL 15 DAY),
    (UUID_TO_BIN('645df90d-51ce-494d-9bc2-ece1214e3ac3'), UUID_TO_BIN('00000000-0000-0000-0000-000000000002'), UUID_TO_BIN('00000000-0000-0000-0000-000000000201'), UUID_TO_BIN('9b40fe06-e0d6-48ff-bdda-1fa66ab7aa2a'), 1, '기대 이상으로 만족스러웠습니다.', NOW() - INTERVAL 16 DAY, NOW() - INTERVAL 16 DAY),
    (UUID_TO_BIN('9e024c70-f09b-44a2-a380-b3e7e14773d6'), UUID_TO_BIN('00000000-0000-0000-0000-000000000002'), UUID_TO_BIN('00000000-0000-0000-0000-000000000201'), UUID_TO_BIN('2ef682cd-6840-48ba-9a6f-8c439a9827bc'), 2, '강사님의 열정이 느껴지는 수업이었어요.', NOW() - INTERVAL 17 DAY, NOW() - INTERVAL 17 DAY),
    (UUID_TO_BIN('9c8563b5-1c73-44e5-bb36-6e446418a582'), UUID_TO_BIN('00000000-0000-0000-0000-000000000002'), UUID_TO_BIN('00000000-0000-0000-0000-000000000201'), UUID_TO_BIN('59dea3a4-0d6e-4d94-a598-74c9b02bdf0a'), 3, '처음 참여했는데 부담 없이 즐길 수 있었습니다.', NOW() - INTERVAL 18 DAY, NOW() - INTERVAL 18 DAY),
    (UUID_TO_BIN('80a73b9e-b8a3-4071-ac85-d5403cb4532a'), UUID_TO_BIN('00000000-0000-0000-0000-000000000002'), UUID_TO_BIN('00000000-0000-0000-0000-000000000201'), UUID_TO_BIN('34532a31-fe30-487d-9aaa-0ae47fbaaa2e'), 4, '친구에게도 추천했어요. 정말 좋았습니다.', NOW() - INTERVAL 19 DAY, NOW() - INTERVAL 19 DAY),
    (UUID_TO_BIN('34c9f0de-9584-4f60-9406-58bebab2997d'), UUID_TO_BIN('00000000-0000-0000-0000-000000000002'), UUID_TO_BIN('00000000-0000-0000-0000-000000000201'), UUID_TO_BIN('57540fbb-e6ba-409f-a73f-895bbf6aa7cf'), 5, '가격 대비 퀄리티가 훌륭합니다.', NOW() - INTERVAL 20 DAY, NOW() - INTERVAL 20 DAY),
    (UUID_TO_BIN('2bb4849e-a97e-4efe-826b-4d5d39590832'), UUID_TO_BIN('00000000-0000-0000-0000-000000000002'), UUID_TO_BIN('00000000-0000-0000-0000-000000000201'), UUID_TO_BIN('b0b960d3-9cb1-43f0-b4d5-bdfcd587e73a'), 1, '정말 좋은 수업이었습니다. 강사님이 친절하게 설명해주셨어요.', NOW() - INTERVAL 21 DAY, NOW() - INTERVAL 21 DAY),
    (UUID_TO_BIN('33e1aba6-a633-452d-b1ac-f5da0ec15a9a'), UUID_TO_BIN('00000000-0000-0000-0000-000000000002'), UUID_TO_BIN('00000000-0000-0000-0000-000000000201'), UUID_TO_BIN('7121919a-4816-4e6d-af2f-e8a268d92e41'), 2, '초보자도 따라하기 쉬운 수업입니다. 강추합니다!', NOW() - INTERVAL 22 DAY, NOW() - INTERVAL 22 DAY),
    (UUID_TO_BIN('2332ed42-0e54-4817-b6aa-56dd0ffd4f4f'), UUID_TO_BIN('00000000-0000-0000-0000-000000000002'), UUID_TO_BIN('00000000-0000-0000-0000-000000000201'), UUID_TO_BIN('10845b77-09ec-4988-b587-67ac88509b9a'), 3, '시설이 깔끔하고 수업 진행이 체계적이에요.', NOW() - INTERVAL 23 DAY, NOW() - INTERVAL 23 DAY),
    (UUID_TO_BIN('a5c6ab0a-744c-4e08-b5b8-d776d55ad45f'), UUID_TO_BIN('00000000-0000-0000-0000-000000000002'), UUID_TO_BIN('00000000-0000-0000-0000-000000000201'), UUID_TO_BIN('47ca614f-13eb-4cb0-a31e-bac3b4c8d26e'), 4, '덕분에 운동에 재미를 붙이게 됐습니다. 감사해요.', NOW() - INTERVAL 24 DAY, NOW() - INTERVAL 24 DAY),
    (UUID_TO_BIN('52255dde-57ce-4f29-a870-4cc40d919cb3'), UUID_TO_BIN('00000000-0000-0000-0000-000000000002'), UUID_TO_BIN('00000000-0000-0000-0000-000000000201'), UUID_TO_BIN('6d040a3e-040d-4919-a867-cd17cd3c4832'), 5, '다음에도 꼭 참여하고 싶은 수업이에요.', NOW() - INTERVAL 25 DAY, NOW() - INTERVAL 25 DAY),
    (UUID_TO_BIN('95ee0380-4060-4190-88e1-751ef8b3a323'), UUID_TO_BIN('00000000-0000-0000-0000-000000000002'), UUID_TO_BIN('00000000-0000-0000-0000-000000000201'), UUID_TO_BIN('570ed572-ff0e-4014-ace7-88cc192228a9'), 1, '기대 이상으로 만족스러웠습니다.', NOW() - INTERVAL 26 DAY, NOW() - INTERVAL 26 DAY),
    (UUID_TO_BIN('82409582-e7bd-4559-a485-26d64cc33637'), UUID_TO_BIN('00000000-0000-0000-0000-000000000002'), UUID_TO_BIN('00000000-0000-0000-0000-000000000201'), UUID_TO_BIN('be280149-4718-4ad9-af2e-1e488bf134f5'), 2, '강사님의 열정이 느껴지는 수업이었어요.', NOW() - INTERVAL 27 DAY, NOW() - INTERVAL 27 DAY),
    (UUID_TO_BIN('b41fa03f-29fb-4b1a-84d4-7c2241932269'), UUID_TO_BIN('00000000-0000-0000-0000-000000000002'), UUID_TO_BIN('00000000-0000-0000-0000-000000000201'), UUID_TO_BIN('6190a813-742f-479c-831a-05e438fa77e0'), 3, '처음 참여했는데 부담 없이 즐길 수 있었습니다.', NOW() - INTERVAL 28 DAY, NOW() - INTERVAL 28 DAY),
    (UUID_TO_BIN('4ae46ae0-4c5c-414c-b985-2cab651ccd79'), UUID_TO_BIN('00000000-0000-0000-0000-000000000002'), UUID_TO_BIN('00000000-0000-0000-0000-000000000201'), UUID_TO_BIN('e7e22504-bd9e-4805-9b88-f5d78eae1d4b'), 4, '친구에게도 추천했어요. 정말 좋았습니다.', NOW() - INTERVAL 29 DAY, NOW() - INTERVAL 29 DAY),
    (UUID_TO_BIN('c3778e0c-3cd9-4593-bc6b-880bf286cbd1'), UUID_TO_BIN('00000000-0000-0000-0000-000000000002'), UUID_TO_BIN('00000000-0000-0000-0000-000000000201'), UUID_TO_BIN('24f7b2fc-831c-496b-ab4f-b6ffa53929e3'), 5, '가격 대비 퀄리티가 훌륭합니다.', NOW() - INTERVAL 30 DAY, NOW() - INTERVAL 30 DAY),
    (UUID_TO_BIN('44dc9563-8c20-4d9e-8927-919f8f043e70'), UUID_TO_BIN('00000000-0000-0000-0000-000000000002'), UUID_TO_BIN('00000000-0000-0000-0000-000000000201'), UUID_TO_BIN('4e747e9a-54c1-4917-b23e-0a9dc3901361'), 1, '정말 좋은 수업이었습니다. 강사님이 친절하게 설명해주셨어요.', NOW() - INTERVAL 1 DAY, NOW() - INTERVAL 1 DAY),
    (UUID_TO_BIN('1d2fc086-d6dc-4b3d-aa4c-5059000ad8fd'), UUID_TO_BIN('00000000-0000-0000-0000-000000000002'), UUID_TO_BIN('00000000-0000-0000-0000-000000000201'), UUID_TO_BIN('8a83553f-e77c-45b9-9931-af90f2467335'), 2, '초보자도 따라하기 쉬운 수업입니다. 강추합니다!', NOW() - INTERVAL 2 DAY, NOW() - INTERVAL 2 DAY),
    (UUID_TO_BIN('62823a7c-c6c7-4317-9a50-19db5cec911f'), UUID_TO_BIN('00000000-0000-0000-0000-000000000002'), UUID_TO_BIN('00000000-0000-0000-0000-000000000201'), UUID_TO_BIN('2b230ded-6865-4d08-beb5-ef922bbcc88b'), 3, '시설이 깔끔하고 수업 진행이 체계적이에요.', NOW() - INTERVAL 3 DAY, NOW() - INTERVAL 3 DAY),
    (UUID_TO_BIN('119ba195-955b-4280-87ec-436e2660af58'), UUID_TO_BIN('00000000-0000-0000-0000-000000000002'), UUID_TO_BIN('00000000-0000-0000-0000-000000000201'), UUID_TO_BIN('f7ed9c3e-7003-4d81-83e4-6d196addd7bb'), 4, '덕분에 운동에 재미를 붙이게 됐습니다. 감사해요.', NOW() - INTERVAL 4 DAY, NOW() - INTERVAL 4 DAY),
    (UUID_TO_BIN('3a4468c0-5135-4229-9894-f297616fbbde'), UUID_TO_BIN('00000000-0000-0000-0000-000000000002'), UUID_TO_BIN('00000000-0000-0000-0000-000000000201'), UUID_TO_BIN('1416af07-eb1b-448c-b5c4-27a768035b0c'), 5, '다음에도 꼭 참여하고 싶은 수업이에요.', NOW() - INTERVAL 5 DAY, NOW() - INTERVAL 5 DAY),
    (UUID_TO_BIN('5ade8748-6236-4080-8b39-0881bc40def0'), UUID_TO_BIN('00000000-0000-0000-0000-000000000002'), UUID_TO_BIN('00000000-0000-0000-0000-000000000201'), UUID_TO_BIN('20764961-a595-4005-997c-e7f9f73b1762'), 1, '기대 이상으로 만족스러웠습니다.', NOW() - INTERVAL 6 DAY, NOW() - INTERVAL 6 DAY),
    (UUID_TO_BIN('f006448a-0420-4010-a500-1618fe8296d5'), UUID_TO_BIN('00000000-0000-0000-0000-000000000002'), UUID_TO_BIN('00000000-0000-0000-0000-000000000201'), UUID_TO_BIN('f8129c89-77da-4b0c-90c5-e49ca832dd97'), 2, '강사님의 열정이 느껴지는 수업이었어요.', NOW() - INTERVAL 7 DAY, NOW() - INTERVAL 7 DAY),
    (UUID_TO_BIN('c707f673-b17e-4f7f-bff5-f03883b3d0ee'), UUID_TO_BIN('00000000-0000-0000-0000-000000000002'), UUID_TO_BIN('00000000-0000-0000-0000-000000000201'), UUID_TO_BIN('38a28178-5b2a-4a19-9440-2f6be46f9c27'), 3, '처음 참여했는데 부담 없이 즐길 수 있었습니다.', NOW() - INTERVAL 8 DAY, NOW() - INTERVAL 8 DAY),
    (UUID_TO_BIN('bb78534a-62c7-48b9-badd-9e9053b841db'), UUID_TO_BIN('00000000-0000-0000-0000-000000000002'), UUID_TO_BIN('00000000-0000-0000-0000-000000000201'), UUID_TO_BIN('e8f2f856-51fc-4065-8c68-69449446c726'), 4, '친구에게도 추천했어요. 정말 좋았습니다.', NOW() - INTERVAL 9 DAY, NOW() - INTERVAL 9 DAY),
    (UUID_TO_BIN('a7ee1a34-841d-45ba-a0c7-9e831ae42b07'), UUID_TO_BIN('00000000-0000-0000-0000-000000000002'), UUID_TO_BIN('00000000-0000-0000-0000-000000000201'), UUID_TO_BIN('0f3a32eb-7297-4bdd-812b-8376f795e8f0'), 5, '가격 대비 퀄리티가 훌륭합니다.', NOW() - INTERVAL 10 DAY, NOW() - INTERVAL 10 DAY),
    (UUID_TO_BIN('7d2efd67-3c7f-413b-9027-17ca7bba8702'), UUID_TO_BIN('00000000-0000-0000-0000-000000000002'), UUID_TO_BIN('00000000-0000-0000-0000-000000000201'), UUID_TO_BIN('8ec84351-1038-4cf1-bfc9-c174902aa339'), 1, '정말 좋은 수업이었습니다. 강사님이 친절하게 설명해주셨어요.', NOW() - INTERVAL 11 DAY, NOW() - INTERVAL 11 DAY),
    (UUID_TO_BIN('1ab98634-6773-4331-b01f-d34d591b8b9b'), UUID_TO_BIN('00000000-0000-0000-0000-000000000002'), UUID_TO_BIN('00000000-0000-0000-0000-000000000201'), UUID_TO_BIN('bc4a9920-9507-48ea-a626-ad02d5bc06e4'), 2, '초보자도 따라하기 쉬운 수업입니다. 강추합니다!', NOW() - INTERVAL 12 DAY, NOW() - INTERVAL 12 DAY),
    (UUID_TO_BIN('15972779-5ec1-4ba7-b1b3-579250993fbd'), UUID_TO_BIN('00000000-0000-0000-0000-000000000002'), UUID_TO_BIN('00000000-0000-0000-0000-000000000201'), UUID_TO_BIN('fbab35fc-052a-406a-ac8b-ac32674fae47'), 3, '시설이 깔끔하고 수업 진행이 체계적이에요.', NOW() - INTERVAL 13 DAY, NOW() - INTERVAL 13 DAY),
    (UUID_TO_BIN('336054a3-315b-4c0f-bc4f-3ccead59b161'), UUID_TO_BIN('00000000-0000-0000-0000-000000000002'), UUID_TO_BIN('00000000-0000-0000-0000-000000000201'), UUID_TO_BIN('6afbe98d-72ae-49ac-9a98-741af647ee48'), 4, '덕분에 운동에 재미를 붙이게 됐습니다. 감사해요.', NOW() - INTERVAL 14 DAY, NOW() - INTERVAL 14 DAY),
    (UUID_TO_BIN('1c9f4954-c7f7-4fda-a6f2-473b7c68a1f9'), UUID_TO_BIN('00000000-0000-0000-0000-000000000002'), UUID_TO_BIN('00000000-0000-0000-0000-000000000201'), UUID_TO_BIN('23bc6c61-7d54-4df1-ae90-d560815fe438'), 5, '다음에도 꼭 참여하고 싶은 수업이에요.', NOW() - INTERVAL 15 DAY, NOW() - INTERVAL 15 DAY),
    (UUID_TO_BIN('b29b6508-afb0-4cb6-8170-e94a880da72b'), UUID_TO_BIN('00000000-0000-0000-0000-000000000002'), UUID_TO_BIN('00000000-0000-0000-0000-000000000201'), UUID_TO_BIN('ac01bb3b-244b-47bb-9b14-029c92e4da54'), 1, '기대 이상으로 만족스러웠습니다.', NOW() - INTERVAL 16 DAY, NOW() - INTERVAL 16 DAY),
    (UUID_TO_BIN('94b92360-2cf6-40c6-ae2e-b57e33cebac7'), UUID_TO_BIN('00000000-0000-0000-0000-000000000002'), UUID_TO_BIN('00000000-0000-0000-0000-000000000201'), UUID_TO_BIN('e538a550-2915-425d-9c17-2acf87fcbb9d'), 2, '강사님의 열정이 느껴지는 수업이었어요.', NOW() - INTERVAL 17 DAY, NOW() - INTERVAL 17 DAY),
    (UUID_TO_BIN('08a421bd-eb1c-4216-a508-9010c4ecc28a'), UUID_TO_BIN('00000000-0000-0000-0000-000000000002'), UUID_TO_BIN('00000000-0000-0000-0000-000000000201'), UUID_TO_BIN('20f519bd-31f3-49ca-89e6-f3956550ebb2'), 3, '처음 참여했는데 부담 없이 즐길 수 있었습니다.', NOW() - INTERVAL 18 DAY, NOW() - INTERVAL 18 DAY),
    (UUID_TO_BIN('a02b21d7-d52c-4fb1-9c8d-f39fccc03015'), UUID_TO_BIN('00000000-0000-0000-0000-000000000002'), UUID_TO_BIN('00000000-0000-0000-0000-000000000201'), UUID_TO_BIN('f317023d-0881-429f-9a4e-b2574ef97109'), 4, '친구에게도 추천했어요. 정말 좋았습니다.', NOW() - INTERVAL 19 DAY, NOW() - INTERVAL 19 DAY),
    (UUID_TO_BIN('4da455fc-13a6-4f5a-bdfe-dbb43c1fbe63'), UUID_TO_BIN('00000000-0000-0000-0000-000000000002'), UUID_TO_BIN('00000000-0000-0000-0000-000000000201'), UUID_TO_BIN('adb0d1cc-619a-4335-a6f2-ccf8ee999aeb'), 5, '가격 대비 퀄리티가 훌륭합니다.', NOW() - INTERVAL 20 DAY, NOW() - INTERVAL 20 DAY);